canonical_id,dataset_component,food_category,food_name_source,food_name_clean,test_year,weight_g_per_MJ,protein_g_per_MJ,fat_g_per_MJ,avcho_g_per_MJ,sugar_g_per_MJ,fibre_g_per_MJ,GI_pct,GL_g_per_MJ,GS_pct,GS_sem,FII_pct,FII_sem,composition_basis_kJ,actual_test_energy_kJ,response_reference,harmonization_note,source_study,source_table,source_printed_page,source_row,source_doi,source_footnote
BAO2011-002,Bao 2011 published 121,Dairy products,"Low-fat vanilla ice cream (Coles Farmland; Coles Supermarkets, Sydney, Australia)","Low-fat vanilla ice cream (Coles Farmland; Coles Supermarkets, Sydney, Australia)",2004,185,6,7,44,37,0,43,19,50.0,2.0,69.0,6.0,1000,1000,glucose=100 (Bao 2011 harmonized),"Bao 2011 Table 1 is already on the glucose=100 response scale. For earlier white-bread=100 scores, conversion to glucose=100 divides GS by (100/70) and FII by (100/73), equivalently multiplying by 0.70 and 0.73 respectively. This note corrects the previous reconstruction metadata only. Do not transform the already harmonized numerical Table 1 values again.",Bao et al. 2011 AJCN 93:984–996,Table 1,986,2,10.3945/ajcn.110.005033,
BAO2011-003,Bao 2011 published 121,Dairy products,"Vanilla ice cream (Dairy Bell, Camperdown, Australia)","Vanilla ice cream (Dairy Bell, Camperdown, Australia)",1997,120,5,13,26,26,0,50,13,49.0,13.0,65.0,9.0,1000,1000,glucose=100 (Bao 2011 harmonized),"Bao 2011 Table 1 is already on the glucose=100 response scale. For earlier white-bread=100 scores, conversion to glucose=100 divides GS by (100/70) and FII by (100/73), equivalently multiplying by 0.70 and 0.73 respectively. This note corrects the previous reconstruction metadata only. Do not transform the already harmonized numerical Table 1 values again.",Bao et al. 2011 AJCN 93:984–996,Table 1,986,3,10.3945/ajcn.110.005033,
BAO2011-004,Bao 2011 published 121,Dairy products,"Yogurt, strawberry low-fat (Dairy Farmers, Lidcombe, Australia)","Yogurt, strawberry low-fat (Dairy Farmers, Lidcombe, Australia)",1997,260,12,5,38,38,1,31,12,43.0,11.0,84.0,9.0,1000,1000,glucose=100 (Bao 2011 harmonized),"Bao 2011 Table 1 is already on the glucose=100 response scale. For earlier white-bread=100 scores, conversion to glucose=100 divides GS by (100/70) and FII by (100/73), equivalently multiplying by 0.70 and 0.73 respectively. This note corrects the previous reconstruction metadata only. Do not transform the already harmonized numerical Table 1 values again.",Bao et al. 2011 AJCN 93:984–996,Table 1,986,4,10.3945/ajcn.110.005033,
BAO2011-005,Bao 2011 published 121,Dairy products,"Frozen yogurt, peach-mango (Streets Blue Ribbon; Unilever Pty Ltd, Epping, Australia)","Frozen yogurt, peach-mango (Streets Blue Ribbon; Unilever Pty Ltd, Epping, Australia)",2004,181,9,5,38,36,0,51,19,41.0,6.0,64.0,6.0,1000,1000,glucose=100 (Bao 2011 harmonized),"Bao 2011 Table 1 is already on the glucose=100 response scale. For earlier white-bread=100 scores, conversion to glucose=100 divides GS by (100/70) and FII by (100/73), equivalently multiplying by 0.70 and 0.73 respectively. This note corrects the previous reconstruction metadata only. Do not transform the already harmonized numerical Table 1 values again.",Bao et al. 2011 AJCN 93:984–996,Table 1,986,5,10.3945/ajcn.110.005033,
BAO2011-006,Bao 2011 published 121,Dairy products,Cheddar cheese (Grocery-Wholesalers; Coles Supermarkets),Cheddar cheese (Grocery-Wholesalers; Coles Supermarkets),1997,59,15,21,0,0,0,0,0,39.0,13.0,33.0,9.0,1000,1000,glucose=100 (Bao 2011 harmonized),"Bao 2011 Table 1 is already on the glucose=100 response scale. For earlier white-bread=100 scores, conversion to glucose=100 divides GS by (100/70) and FII by (100/73), equivalently multiplying by 0.70 and 0.73 respectively. This note corrects the previous reconstruction metadata only. Do not transform the already harmonized numerical Table 1 values again.",Bao et al. 2011 AJCN 93:984–996,Table 1,986,6,10.3945/ajcn.110.005033,
BAO2011-007,Bao 2011 published 121,Dairy products,Skim-fat milk (Dairy Farmers),Skim-fat milk (Dairy Farmers),2001,690,25,1,33,33,0,29,9,25.0,6.0,60.0,13.0,1000,1000,glucose=100 (Bao 2011 harmonized),"Bao 2011 Table 1 is already on the glucose=100 response scale. For earlier white-bread=100 scores, conversion to glucose=100 divides GS by (100/70) and FII by (100/73), equivalently multiplying by 0.70 and 0.73 respectively. This note corrects the previous reconstruction metadata only. Do not transform the already harmonized numerical Table 1 values again.",Bao et al. 2011 AJCN 93:984–996,Table 1,986,7,10.3945/ajcn.110.005033,
BAO2011-008,Bao 2011 published 121,Dairy products,1%-Fat milk (Dairy Farmers),1%-Fat milk (Dairy Farmers),2005,558,20,6,27,27,0,29,8,16.0,3.0,34.0,4.0,1000,1000,glucose=100 (Bao 2011 harmonized),"Bao 2011 Table 1 is already on the glucose=100 response scale. For earlier white-bread=100 scores, conversion to glucose=100 divides GS by (100/70) and FII by (100/73), equivalently multiplying by 0.70 and 0.73 respectively. This note corrects the previous reconstruction metadata only. Do not transform the already harmonized numerical Table 1 values again.",Bao et al. 2011 AJCN 93:984–996,Table 1,986,8,10.3945/ajcn.110.005033,
BAO2011-009,Bao 2011 published 121,Dairy products,"Low-fat processed cheese (Kraft free singles; Kraft Foods Ltd, South Wharf, Australia)","Low-fat processed cheese (Kraft free singles; Kraft Foods Ltd, South Wharf, Australia)",2003,154,36,4,15,15,0,10,2,14.0,3.0,42.0,6.0,1000,1000,glucose=100 (Bao 2011 harmonized),"Bao 2011 Table 1 is already on the glucose=100 response scale. For earlier white-bread=100 scores, conversion to glucose=100 divides GS by (100/70) and FII by (100/73), equivalently multiplying by 0.70 and 0.73 respectively. This note corrects the previous reconstruction metadata only. Do not transform the already harmonized numerical Table 1 values again.",Bao et al. 2011 AJCN 93:984–996,Table 1,986,9,10.3945/ajcn.110.005033,
BAO2011-010,Bao 2011 published 121,Dairy products,Milk (Dairy Farmers),Milk (Dairy Farmers),1999,368,11,14,17,17,0,31,5,12.0,1.0,24.0,3.0,1000,1000,glucose=100 (Bao 2011 harmonized),"Bao 2011 Table 1 is already on the glucose=100 response scale. For earlier white-bread=100 scores, conversion to glucose=100 divides GS by (100/70) and FII by (100/73), equivalently multiplying by 0.70 and 0.73 respectively. This note corrects the previous reconstruction metadata only. Do not transform the already harmonized numerical Table 1 values again.",Bao et al. 2011 AJCN 93:984–996,Table 1,986,10,10.3945/ajcn.110.005033,
BAO2011-011,Bao 2011 published 121,Dairy products,Reduced-fat cottage cheese (Dairy Farmers),Reduced-fat cottage cheese (Dairy Farmers),2006,234,29,10,7,7,0,10,1,9.0,2.0,40.0,7.0,1000,1000,glucose=100 (Bao 2011 harmonized),"Bao 2011 Table 1 is already on the glucose=100 response scale. For earlier white-bread=100 scores, conversion to glucose=100 divides GS by (100/70) and FII by (100/73), equivalently multiplying by 0.70 and 0.73 respectively. This note corrects the previous reconstruction metadata only. Do not transform the already harmonized numerical Table 1 values again.",Bao et al. 2011 AJCN 93:984–996,Table 1,986,11,10.3945/ajcn.110.005033,
BAO2011-012,Bao 2011 published 121,Dairy products,93% Fat-free cheddar cheese (Dairy Farmers),93% Fat-free cheddar cheese (Dairy Farmers),2003,119,41,8,1,1,0,0,0,6.0,1.0,20.0,6.0,1000,1000,glucose=100 (Bao 2011 harmonized),"Bao 2011 Table 1 is already on the glucose=100 response scale. For earlier white-bread=100 scores, conversion to glucose=100 divides GS by (100/70) and FII by (100/73), equivalently multiplying by 0.70 and 0.73 respectively. This note corrects the previous reconstruction metadata only. Do not transform the already harmonized numerical Table 1 values again.",Bao et al. 2011 AJCN 93:984–996,Table 1,986,12,10.3945/ajcn.110.005033,
BAO2011-013,Bao 2011 published 121,Dairy products,"Low-fat cottage cheese (Bulla original; Bulla Dairy Foods, Derrimut, Australia)","Low-fat cottage cheese (Bulla original; Bulla Dairy Foods, Derrimut, Australia)",2007,264,30,6,16,14,0,10,2,4.0,1.0,52.0,7.0,1000,1000,glucose=100 (Bao 2011 harmonized),"Bao 2011 Table 1 is already on the glucose=100 response scale. For earlier white-bread=100 scores, conversion to glucose=100 divides GS by (100/70) and FII by (100/73), equivalently multiplying by 0.70 and 0.73 respectively. This note corrects the previous reconstruction metadata only. Do not transform the already harmonized numerical Table 1 values again.",Bao et al. 2011 AJCN 93:984–996,Table 1,986,13,10.3945/ajcn.110.005033,
BAO2011-014,Bao 2011 published 121,Dairy products,Cream cheese (Coles Farmland),Cream cheese (Coles Farmland),2003,68,6,24,3,2,0,0,0,4.0,1.0,18.0,6.0,1000,1000,glucose=100 (Bao 2011 harmonized),"Bao 2011 Table 1 is already on the glucose=100 response scale. For earlier white-bread=100 scores, conversion to glucose=100 divides GS by (100/70) and FII by (100/73), equivalently multiplying by 0.70 and 0.73 respectively. This note corrects the previous reconstruction metadata only. Do not transform the already harmonized numerical Table 1 values again.",Bao et al. 2011 AJCN 93:984–996,Table 1,986,14,10.3945/ajcn.110.005033,
BAO2011-015,Bao 2011 published 121,Breakfast cereals,"Cornflakes (Kellogg Foods Inc, USA, Wells Fargo Bank, MN)","Cornflakes (Kellogg Foods Inc, USA, Wells Fargo Bank, MN)",2004,67,5,0,55,4,2,81,45,100.0,8.0,82.0,7.0,1000,1000,glucose=100 (Bao 2011 harmonized),"Bao 2011 Table 1 is already on the glucose=100 response scale. For earlier white-bread=100 scores, conversion to glucose=100 divides GS by (100/70) and FII by (100/73), equivalently multiplying by 0.70 and 0.73 respectively. This note corrects the previous reconstruction metadata only. Do not transform the already harmonized numerical Table 1 values again.",Bao et al. 2011 AJCN 93:984–996,Table 1,986,15,10.3945/ajcn.110.005033,Bao Table 1 footnote 3: cereals served fresh with 125 mL 1.5%-fat milk.
BAO2011-016,Bao 2011 published 121,Breakfast cereals,"Rice Krispies/Bubbles (Kellogg Foods Inc, Collingwood, Australia)","Rice Krispies/Bubbles (Kellogg Foods Inc, Collingwood, Australia)",2007,62,4,0,54,6,1,88,48,99.0,3.0,94.0,4.0,1000,1000,glucose=100 (Bao 2011 harmonized),"Bao 2011 Table 1 is already on the glucose=100 response scale. For earlier white-bread=100 scores, conversion to glucose=100 divides GS by (100/70) and FII by (100/73), equivalently multiplying by 0.70 and 0.73 respectively. This note corrects the previous reconstruction metadata only. Do not transform the already harmonized numerical Table 1 values again.",Bao et al. 2011 AJCN 93:984–996,Table 1,986,16,10.3945/ajcn.110.005033,Bao Table 1 footnote 3: cereals served fresh with 125 mL 1.5%-fat milk.
BAO2011-017,Bao 2011 published 121,Breakfast cereals,"Original Shredded Wheat (Post Healthy Classics; Post Foods Inc, St Louis, MO)","Original Shredded Wheat (Post Healthy Classics; Post Foods Inc, St Louis, MO)",2004,68,7,2,45,0,9,75,34,92.0,8.0,91.0,11.0,1000,1000,glucose=100 (Bao 2011 harmonized),"Bao 2011 Table 1 is already on the glucose=100 response scale. For earlier white-bread=100 scores, conversion to glucose=100 divides GS by (100/70) and FII by (100/73), equivalently multiplying by 0.70 and 0.73 respectively. This note corrects the previous reconstruction metadata only. Do not transform the already harmonized numerical Table 1 values again.",Bao et al. 2011 AJCN 93:984–996,Table 1,986,17,10.3945/ajcn.110.005033,Bao Table 1 footnote 3: cereals served fresh with 125 mL 1.5%-fat milk.
BAO2011-018,Bao 2011 published 121,Breakfast cereals,"Lucky Charms cereal (General Mills Inc, Minneapolis, MN)","Lucky Charms cereal (General Mills Inc, Minneapolis, MN)",2004,59,4,2,48,26,2,69,33,85.0,7.0,69.0,9.0,1000,1000,glucose=100 (Bao 2011 harmonized),"Bao 2011 Table 1 is already on the glucose=100 response scale. For earlier white-bread=100 scores, conversion to glucose=100 divides GS by (100/70) and FII by (100/73), equivalently multiplying by 0.70 and 0.73 respectively. This note corrects the previous reconstruction metadata only. Do not transform the already harmonized numerical Table 1 values again.",Bao et al. 2011 AJCN 93:984–996,Table 1,986,18,10.3945/ajcn.110.005033,Bao Table 1 footnote 3: cereals served fresh with 125 mL 1.5%-fat milk.
BAO2011-019,Bao 2011 published 121,Breakfast cereals,"Post Grapenuts (Post Foods Inc, USA)","Post Grapenuts (Post Foods Inc, USA)",1999,69,9,1,48,8,6,75,36,79.0,6.0,110.0,12.0,1000,1000,glucose=100 (Bao 2011 harmonized),"Bao 2011 Table 1 is already on the glucose=100 response scale. For earlier white-bread=100 scores, conversion to glucose=100 divides GS by (100/70) and FII by (100/73), equivalently multiplying by 0.70 and 0.73 respectively. This note corrects the previous reconstruction metadata only. Do not transform the already harmonized numerical Table 1 values again.",Bao et al. 2011 AJCN 93:984–996,Table 1,986,19,10.3945/ajcn.110.005033,Bao Table 1 footnote 3: cereals served fresh with 125 mL 1.5%-fat milk.
BAO2011-020,Bao 2011 published 121,Breakfast cereals,Wheaties (General Mills Inc),Wheaties (General Mills Inc),2008,67,7,1,46,10,7,75,35,78.0,7.0,78.0,4.0,1000,1000,glucose=100 (Bao 2011 harmonized),"Bao 2011 Table 1 is already on the glucose=100 response scale. For earlier white-bread=100 scores, conversion to glucose=100 divides GS by (100/70) and FII by (100/73), equivalently multiplying by 0.70 and 0.73 respectively. This note corrects the previous reconstruction metadata only. Do not transform the already harmonized numerical Table 1 values again.",Bao et al. 2011 AJCN 93:984–996,Table 1,986,20,10.3945/ajcn.110.005033,Bao Table 1 footnote 3: cereals served fresh with 125 mL 1.5%-fat milk.
BAO2011-021,Bao 2011 published 121,Breakfast cereals,"Frosted Flakes (Kellogg Foods Inc, USA)","Frosted Flakes (Kellogg Foods Inc, USA)",2002,62,2,0,54,24,2,55,30,70.0,7.0,72.0,8.0,1000,1000,glucose=100 (Bao 2011 harmonized),"Bao 2011 Table 1 is already on the glucose=100 response scale. For earlier white-bread=100 scores, conversion to glucose=100 divides GS by (100/70) and FII by (100/73), equivalently multiplying by 0.70 and 0.73 respectively. This note corrects the previous reconstruction metadata only. Do not transform the already harmonized numerical Table 1 values again.",Bao et al. 2011 AJCN 93:984–996,Table 1,986,21,10.3945/ajcn.110.005033,Bao Table 1 footnote 3: cereals served fresh with 125 mL 1.5%-fat milk.
BAO2011-022,Bao 2011 published 121,Breakfast cereals,"Special K cereal (Kellogg Foods Inc, USA)","Special K cereal (Kellogg Foods Inc, USA)",1999,63,13,1,44,8,2,69,30,69.0,5.0,86.0,10.0,1000,1000,glucose=100 (Bao 2011 harmonized),"Bao 2011 Table 1 is already on the glucose=100 response scale. For earlier white-bread=100 scores, conversion to glucose=100 divides GS by (100/70) and FII by (100/73), equivalently multiplying by 0.70 and 0.73 respectively. This note corrects the previous reconstruction metadata only. Do not transform the already harmonized numerical Table 1 values again.",Bao et al. 2011 AJCN 93:984–996,Table 1,986,22,10.3945/ajcn.110.005033,Bao Table 1 footnote 3: cereals served fresh with 125 mL 1.5%-fat milk.
BAO2011-023,Bao 2011 published 121,Breakfast cereals,"Post Honey Bunches of Oats (Post Foods Inc, USA)","Post Honey Bunches of Oats (Post Foods Inc, USA)",2008,61,6,5,42,11,4,63,26,63.0,6.0,61.0,4.0,1000,1000,glucose=100 (Bao 2011 harmonized),"Bao 2011 Table 1 is already on the glucose=100 response scale. For earlier white-bread=100 scores, conversion to glucose=100 divides GS by (100/70) and FII by (100/73), equivalently multiplying by 0.70 and 0.73 respectively. This note corrects the previous reconstruction metadata only. Do not transform the already harmonized numerical Table 1 values again.",Bao et al. 2011 AJCN 93:984–996,Table 1,986,23,10.3945/ajcn.110.005033,Bao Table 1 footnote 3: cereals served fresh with 125 mL 1.5%-fat milk.
BAO2011-024,Bao 2011 published 121,Breakfast cereals,"7 Whole Grain Puffs (Kashi, La Jolla, CA)","7 Whole Grain Puffs (Kashi, La Jolla, CA)",2007,63,7,2,51,0,3,65,33,64.0,7.0,59.0,7.0,1000,1000,glucose=100 (Bao 2011 harmonized),"Bao 2011 Table 1 is already on the glucose=100 response scale. For earlier white-bread=100 scores, conversion to glucose=100 divides GS by (100/70) and FII by (100/73), equivalently multiplying by 0.70 and 0.73 respectively. This note corrects the previous reconstruction metadata only. Do not transform the already harmonized numerical Table 1 values again.",Bao et al. 2011 AJCN 93:984–996,Table 1,986,24,10.3945/ajcn.110.005033,Bao Table 1 footnote 3: cereals served fresh with 125 mL 1.5%-fat milk.
BAO2011-025,Bao 2011 published 121,Breakfast cereals,"Cheerios (General Mills Inc, USA)","Cheerios (General Mills Inc, USA)",2004,65,7,4,43,3,7,74,32,62.0,6.0,63.0,7.0,1000,1000,glucose=100 (Bao 2011 harmonized),"Bao 2011 Table 1 is already on the glucose=100 response scale. For earlier white-bread=100 scores, conversion to glucose=100 divides GS by (100/70) and FII by (100/73), equivalently multiplying by 0.70 and 0.73 respectively. This note corrects the previous reconstruction metadata only. Do not transform the already harmonized numerical Table 1 values again.",Bao et al. 2011 AJCN 93:984–996,Table 1,986,25,10.3945/ajcn.110.005033,Bao Table 1 footnote 3: cereals served fresh with 125 mL 1.5%-fat milk.
BAO2011-026,Bao 2011 published 121,Breakfast cereals,"All-Bran Complete Wheat Flakes (Kellogg Foods Inc, USA)","All-Bran Complete Wheat Flakes (Kellogg Foods Inc, USA)",2007,76,7,2,47,11,9,60,28,60.0,6.0,55.0,7.0,1000,1000,glucose=100 (Bao 2011 harmonized),"Bao 2011 Table 1 is already on the glucose=100 response scale. For earlier white-bread=100 scores, conversion to glucose=100 divides GS by (100/70) and FII by (100/73), equivalently multiplying by 0.70 and 0.73 respectively. This note corrects the previous reconstruction metadata only. Do not transform the already harmonized numerical Table 1 values again.",Bao et al. 2011 AJCN 93:984–996,Table 1,986,26,10.3945/ajcn.110.005033,Bao Table 1 footnote 3: cereals served fresh with 125 mL 1.5%-fat milk.
BAO2011-027,Bao 2011 published 121,Breakfast cereals,"Raisin Bran cereal (Kellogg Foods Inc, USA)","Raisin Bran cereal (Kellogg Foods Inc, USA)",1999,74,6,2,49,22,8,61,30,58.0,5.0,69.0,6.0,1000,1000,glucose=100 (Bao 2011 harmonized),"Bao 2011 Table 1 is already on the glucose=100 response scale. For earlier white-bread=100 scores, conversion to glucose=100 divides GS by (100/70) and FII by (100/73), equivalently multiplying by 0.70 and 0.73 respectively. This note corrects the previous reconstruction metadata only. Do not transform the already harmonized numerical Table 1 values again.",Bao et al. 2011 AJCN 93:984–996,Table 1,986,27,10.3945/ajcn.110.005033,Bao Table 1 footnote 3: cereals served fresh with 125 mL 1.5%-fat milk.
BAO2011-028,Bao 2011 published 121,Breakfast cereals,"Post Great Grains (Kraft Foods Inc, USA)","Post Great Grains (Kraft Foods Inc, USA)",2008,59,6,7,39,10,5,74,29,54.0,6.0,57.0,7.0,1000,1000,glucose=100 (Bao 2011 harmonized),"Bao 2011 Table 1 is already on the glucose=100 response scale. For earlier white-bread=100 scores, conversion to glucose=100 divides GS by (100/70) and FII by (100/73), equivalently multiplying by 0.70 and 0.73 respectively. This note corrects the previous reconstruction metadata only. Do not transform the already harmonized numerical Table 1 values again.",Bao et al. 2011 AJCN 93:984–996,Table 1,986,28,10.3945/ajcn.110.005033,Bao Table 1 footnote 3: cereals served fresh with 125 mL 1.5%-fat milk.
BAO2011-029,Bao 2011 published 121,Breakfast cereals,"Cornflakes (Kellogg Foods Inc, Australia)","Cornflakes (Kellogg Foods Inc, Australia)",1997,64,5,0,53,10,2,77,41,53.0,8.0,55.0,6.0,1000,1000,glucose=100 (Bao 2011 harmonized),"Bao 2011 Table 1 is already on the glucose=100 response scale. For earlier white-bread=100 scores, conversion to glucose=100 divides GS by (100/70) and FII by (100/73), equivalently multiplying by 0.70 and 0.73 respectively. This note corrects the previous reconstruction metadata only. Do not transform the already harmonized numerical Table 1 values again.",Bao et al. 2011 AJCN 93:984–996,Table 1,986,29,10.3945/ajcn.110.005033,Bao Table 1 footnote 3: cereals served fresh with 125 mL 1.5%-fat milk.
BAO2011-030,Bao 2011 published 121,Breakfast cereals,"Special K cereal (Kellogg Foods Inc, Australia)","Special K cereal (Kellogg Foods Inc, Australia)",1997,63,15,2,41,14,1,54,22,49.0,6.0,48.0,4.0,1000,1000,glucose=100 (Bao 2011 harmonized),"Bao 2011 Table 1 is already on the glucose=100 response scale. For earlier white-bread=100 scores, conversion to glucose=100 divides GS by (100/70) and FII by (100/73), equivalently multiplying by 0.70 and 0.73 respectively. This note corrects the previous reconstruction metadata only. Do not transform the already harmonized numerical Table 1 values again.",Bao et al. 2011 AJCN 93:984–996,Table 1,986,30,10.3945/ajcn.110.005033,Bao Table 1 footnote 3: cereals served fresh with 125 mL 1.5%-fat milk.
BAO2011-031,Bao 2011 published 121,Breakfast cereals,"Sustain (Kellogg Foods Inc, Australia)","Sustain (Kellogg Foods Inc, Australia)",1997,62,10,3,43,14,4,55,24,46.0,4.0,52.0,4.0,1000,1000,glucose=100 (Bao 2011 harmonized),"Bao 2011 Table 1 is already on the glucose=100 response scale. For earlier white-bread=100 scores, conversion to glucose=100 divides GS by (100/70) and FII by (100/73), equivalently multiplying by 0.70 and 0.73 respectively. This note corrects the previous reconstruction metadata only. Do not transform the already harmonized numerical Table 1 values again.",Bao et al. 2011 AJCN 93:984–996,Table 1,987,31,10.3945/ajcn.110.005033,Bao Table 1 footnote 3: cereals served fresh with 125 mL 1.5%-fat milk.
BAO2011-032,Bao 2011 published 121,Breakfast cereals,"Cracklin’ Oat Bran (Kellogg Foods Inc, USA)","Cracklin’ Oat Bran (Kellogg Foods Inc, USA)",2004,58,5,8,36,21,6,55,20,46.0,5.0,48.0,3.0,1000,1000,glucose=100 (Bao 2011 harmonized),"Bao 2011 Table 1 is already on the glucose=100 response scale. For earlier white-bread=100 scores, conversion to glucose=100 divides GS by (100/70) and FII by (100/73), equivalently multiplying by 0.70 and 0.73 respectively. This note corrects the previous reconstruction metadata only. Do not transform the already harmonized numerical Table 1 values again.",Bao et al. 2011 AJCN 93:984–996,Table 1,987,32,10.3945/ajcn.110.005033,Bao Table 1 footnote 3: cereals served fresh with 125 mL 1.5%-fat milk.
BAO2011-033,Bao 2011 published 121,Breakfast cereals,"Honeysmacks (Kellogg Foods Inc, Australia)","Honeysmacks (Kellogg Foods Inc, Australia)",1997,63,9,2,48,31,3,71,34,42.0,5.0,49.0,4.0,1000,1000,glucose=100 (Bao 2011 harmonized),"Bao 2011 Table 1 is already on the glucose=100 response scale. For earlier white-bread=100 scores, conversion to glucose=100 divides GS by (100/70) and FII by (100/73), equivalently multiplying by 0.70 and 0.73 respectively. This note corrects the previous reconstruction metadata only. Do not transform the already harmonized numerical Table 1 values again.",Bao et al. 2011 AJCN 93:984–996,Table 1,987,33,10.3945/ajcn.110.005033,Bao Table 1 footnote 3: cereals served fresh with 125 mL 1.5%-fat milk.
BAO2011-034,Bao 2011 published 121,Breakfast cereals,"Porridge (Uncle Toby’s Inc; Nestle Pty Ltd, Sydney, Australia)","Porridge (Uncle Toby’s Inc; Nestle Pty Ltd, Sydney, Australia)",1997,60,11,5,37,8,5,57,21,42.0,8.0,29.0,3.0,1000,1000,glucose=100 (Bao 2011 harmonized),"Bao 2011 Table 1 is already on the glucose=100 response scale. For earlier white-bread=100 scores, conversion to glucose=100 divides GS by (100/70) and FII by (100/73), equivalently multiplying by 0.70 and 0.73 respectively. This note corrects the previous reconstruction metadata only. Do not transform the already harmonized numerical Table 1 values again.",Bao et al. 2011 AJCN 93:984–996,Table 1,987,34,10.3945/ajcn.110.005033,Bao Table 1 footnote 3: cereals served fresh with 125 mL 1.5%-fat milk.
BAO2011-035,Bao 2011 published 121,Breakfast cereals,"100% Natural Granola Oats, Honey & Raisins (Quaker Oats Inc, Chicago, IL)","100% Natural Granola Oats, Honey & Raisins (Quaker Oats Inc, Chicago, IL)",2004,55,6,9,35,16,3,44,15,35.0,5.0,41.0,7.0,1000,1000,glucose=100 (Bao 2011 harmonized),"Bao 2011 Table 1 is already on the glucose=100 response scale. For earlier white-bread=100 scores, conversion to glucose=100 divides GS by (100/70) and FII by (100/73), equivalently multiplying by 0.70 and 0.73 respectively. This note corrects the previous reconstruction metadata only. Do not transform the already harmonized numerical Table 1 values again.",Bao et al. 2011 AJCN 93:984–996,Table 1,987,35,10.3945/ajcn.110.005033,Bao Table 1 footnote 3: cereals served fresh with 125 mL 1.5%-fat milk.
BAO2011-036,Bao 2011 published 121,Breakfast cereals,Muesli bar (Uncle Toby’s Inc),Muesli bar (Uncle Toby’s Inc),1997,63,11,5,37,17,7,56,21,30.0,5.0,34.0,4.0,1000,1000,glucose=100 (Bao 2011 harmonized),"Bao 2011 Table 1 is already on the glucose=100 response scale. For earlier white-bread=100 scores, conversion to glucose=100 divides GS by (100/70) and FII by (100/73), equivalently multiplying by 0.70 and 0.73 respectively. This note corrects the previous reconstruction metadata only. Do not transform the already harmonized numerical Table 1 values again.",Bao et al. 2011 AJCN 93:984–996,Table 1,987,36,10.3945/ajcn.110.005033,Bao Table 1 footnote 3: cereals served fresh with 125 mL 1.5%-fat milk.
BAO2011-037,Bao 2011 published 121,Breakfast cereals,"All-Bran original (Kellogg Foods Inc, Australia)","All-Bran original (Kellogg Foods Inc, Australia)",1997,74,12,3,43,14,14,30,13,28.0,5.0,23.0,3.0,1000,1000,glucose=100 (Bao 2011 harmonized),"Bao 2011 Table 1 is already on the glucose=100 response scale. For earlier white-bread=100 scores, conversion to glucose=100 divides GS by (100/70) and FII by (100/73), equivalently multiplying by 0.70 and 0.73 respectively. This note corrects the previous reconstruction metadata only. Do not transform the already harmonized numerical Table 1 values again.",Bao et al. 2011 AJCN 93:984–996,Table 1,987,37,10.3945/ajcn.110.005033,Bao Table 1 footnote 3: cereals served fresh with 125 mL 1.5%-fat milk.
BAO2011-038,Bao 2011 published 121,Bakery products,"Water crackers (Grocery Wholesalers Ltd, Yennora, Australia)","Water crackers (Grocery Wholesalers Ltd, Yennora, Australia)",1997,58,6,5,42,1,2,78,33,83.0,17.0,64.0,9.0,1000,1000,glucose=100 (Bao 2011 harmonized),"Bao 2011 Table 1 is already on the glucose=100 response scale. For earlier white-bread=100 scores, conversion to glucose=100 divides GS by (100/70) and FII by (100/73), equivalently multiplying by 0.70 and 0.73 respectively. This note corrects the previous reconstruction metadata only. Do not transform the already harmonized numerical Table 1 values again.",Bao et al. 2011 AJCN 93:984–996,Table 1,987,38,10.3945/ajcn.110.005033,
BAO2011-039,Bao 2011 published 121,Bakery products,"The Original Pancake & Waffle Mix (Aunt Jemima; Quaker Oats Inc, USA)","The Original Pancake & Waffle Mix (Aunt Jemima; Quaker Oats Inc, USA)",2004,132,6,1,51,9,1,67,34,71.0,8.0,110.0,10.0,1000,1000,glucose=100 (Bao 2011 harmonized),"Bao 2011 Table 1 is already on the glucose=100 response scale. For earlier white-bread=100 scores, conversion to glucose=100 divides GS by (100/70) and FII by (100/73), equivalently multiplying by 0.70 and 0.73 respectively. This note corrects the previous reconstruction metadata only. Do not transform the already harmonized numerical Table 1 values again.",Bao et al. 2011 AJCN 93:984–996,Table 1,987,39,10.3945/ajcn.110.005033,
BAO2011-040,Bao 2011 published 121,Bakery products,"Panjacks (White Wings Shaker; White Wings Pty Ltd, North Ryde, Australia)","Panjacks (White Wings Shaker; White Wings Pty Ltd, North Ryde, Australia)",2003,121,5,3,48,17,2,67,32,67.0,10.0,58.0,6.0,1000,1000,glucose=100 (Bao 2011 harmonized),"Bao 2011 Table 1 is already on the glucose=100 response scale. For earlier white-bread=100 scores, conversion to glucose=100 divides GS by (100/70) and FII by (100/73), equivalently multiplying by 0.70 and 0.73 respectively. This note corrects the previous reconstruction metadata only. Do not transform the already harmonized numerical Table 1 values again.",Bao et al. 2011 AJCN 93:984–996,Table 1,987,40,10.3945/ajcn.110.005033,
BAO2011-041,Bao 2011 published 121,Bakery products,"Fat-free blueberry muffin (Krusteaz Wild Blueberry; Continental Mills Pty Ltd, Seattle, WA)","Fat-free blueberry muffin (Krusteaz Wild Blueberry; Continental Mills Pty Ltd, Seattle, WA)",2004,101,3,1,51,28,3,71,36,67.0,6.0,69.0,6.0,1000,1000,glucose=100 (Bao 2011 harmonized),"Bao 2011 Table 1 is already on the glucose=100 response scale. For earlier white-bread=100 scores, conversion to glucose=100 divides GS by (100/70) and FII by (100/73), equivalently multiplying by 0.70 and 0.73 respectively. This note corrects the previous reconstruction metadata only. Do not transform the already harmonized numerical Table 1 values again.",Bao et al. 2011 AJCN 93:984–996,Table 1,987,41,10.3945/ajcn.110.005033,
BAO2011-042,Bao 2011 published 121,Bakery products,"Blueberry Streusel Muffin (Duncan Hines Blueberry; Pinnacle Foods Group LLC, Peoria, IL)","Blueberry Streusel Muffin (Duncan Hines Blueberry; Pinnacle Foods Group LLC, Peoria, IL)",2004,79,4,7,41,22,1,55,22,62.0,7.0,69.0,11.0,1000,1000,glucose=100 (Bao 2011 harmonized),"Bao 2011 Table 1 is already on the glucose=100 response scale. For earlier white-bread=100 scores, conversion to glucose=100 divides GS by (100/70) and FII by (100/73), equivalently multiplying by 0.70 and 0.73 respectively. This note corrects the previous reconstruction metadata only. Do not transform the already harmonized numerical Table 1 values again.",Bao et al. 2011 AJCN 93:984–996,Table 1,987,42,10.3945/ajcn.110.005033,
BAO2011-043,Bao 2011 published 121,Bakery products,"Chocolate chip cookies (Arnotts Biscuits Ltd, Virginia, Australia)","Chocolate chip cookies (Arnotts Biscuits Ltd, Virginia, Australia)",1997,51,2,11,35,19,1,62,22,52.0,8.0,67.0,11.0,1000,1000,glucose=100 (Bao 2011 harmonized),"Bao 2011 Table 1 is already on the glucose=100 response scale. For earlier white-bread=100 scores, conversion to glucose=100 divides GS by (100/70) and FII by (100/73), equivalently multiplying by 0.70 and 0.73 respectively. This note corrects the previous reconstruction metadata only. Do not transform the already harmonized numerical Table 1 values again.",Bao et al. 2011 AJCN 93:984–996,Table 1,987,43,10.3945/ajcn.110.005033,
BAO2011-044,Bao 2011 published 121,Bakery products,"Croissants (Woolworth Supermarket Inc, Sydney, Australia)","Croissants (Woolworth Supermarket Inc, Sydney, Australia)",1997,66,6,12,29,3,2,67,19,52.0,6.0,58.0,10.0,1000,1000,glucose=100 (Bao 2011 harmonized),"Bao 2011 Table 1 is already on the glucose=100 response scale. For earlier white-bread=100 scores, conversion to glucose=100 divides GS by (100/70) and FII by (100/73), equivalently multiplying by 0.70 and 0.73 respectively. This note corrects the previous reconstruction metadata only. Do not transform the already harmonized numerical Table 1 values again.",Bao et al. 2011 AJCN 93:984–996,Table 1,987,44,10.3945/ajcn.110.005033,
BAO2011-045,Bao 2011 published 121,Bakery products,"Fat-free oatmeal raisin cookie (Archway Inc, Archway Cookies Inc, Battle Creek, MI)","Fat-free oatmeal raisin cookie (Archway Inc, Archway Cookies Inc, Battle Creek, MI)",2004,67,2,0,53,30,2,54,29,50.0,6.0,54.0,9.0,1000,1000,glucose=100 (Bao 2011 harmonized),"Bao 2011 Table 1 is already on the glucose=100 response scale. For earlier white-bread=100 scores, conversion to glucose=100 divides GS by (100/70) and FII by (100/73), equivalently multiplying by 0.70 and 0.73 respectively. This note corrects the previous reconstruction metadata only. Do not transform the already harmonized numerical Table 1 values again.",Bao et al. 2011 AJCN 93:984–996,Table 1,987,45,10.3945/ajcn.110.005033,
BAO2011-046,Bao 2011 published 121,Bakery products,"Reduced-fat chocolate chip cookie (Chips Ahoy; Kraft Foods Inc, USA)","Reduced-fat chocolate chip cookie (Chips Ahoy; Kraft Foods Inc, USA)",2004,53,3,9,36,15,2,50,18,47.0,6.0,49.0,5.0,1000,1000,glucose=100 (Bao 2011 harmonized),"Bao 2011 Table 1 is already on the glucose=100 response scale. For earlier white-bread=100 scores, conversion to glucose=100 divides GS by (100/70) and FII by (100/73), equivalently multiplying by 0.70 and 0.73 respectively. This note corrects the previous reconstruction metadata only. Do not transform the already harmonized numerical Table 1 values again.",Bao et al. 2011 AJCN 93:984–996,Table 1,987,46,10.3945/ajcn.110.005033,
BAO2011-047,Bao 2011 published 121,Bakery products,"Doughnuts with cinnamon sugar (Woolworth Supermarket Inc, Australia)","Doughnuts with cinnamon sugar (Woolworth Supermarket Inc, Australia)",1997,65,4,13,26,9,1,76,20,44.0,8.0,54.0,7.0,1000,1000,glucose=100 (Bao 2011 harmonized),"Bao 2011 Table 1 is already on the glucose=100 response scale. For earlier white-bread=100 scores, conversion to glucose=100 divides GS by (100/70) and FII by (100/73), equivalently multiplying by 0.70 and 0.73 respectively. This note corrects the previous reconstruction metadata only. Do not transform the already harmonized numerical Table 1 values again.",Bao et al. 2011 AJCN 93:984–996,Table 1,987,47,10.3945/ajcn.110.005033,
BAO2011-048,Bao 2011 published 121,Bakery products,"Chocolate cake brownie with frosting (White Wings Pty Ltd, Australia)","Chocolate cake brownie with frosting (White Wings Pty Ltd, Australia)",1997,64,4,12,30,20,1,38,11,39.0,10.0,60.0,9.0,1000,1000,glucose=100 (Bao 2011 harmonized),"Bao 2011 Table 1 is already on the glucose=100 response scale. For earlier white-bread=100 scores, conversion to glucose=100 divides GS by (100/70) and FII by (100/73), equivalently multiplying by 0.70 and 0.73 respectively. This note corrects the previous reconstruction metadata only. Do not transform the already harmonized numerical Table 1 values again.",Bao et al. 2011 AJCN 93:984–996,Table 1,987,48,10.3945/ajcn.110.005033,
BAO2011-049,Bao 2011 published 121,Bakery products,"Apple pie baked at 190(cid:3)C for 35 min (Sara Lee, Pymble, NSW, Australia)","Apple pie baked at 190(cid:3)C for 35 min (Sara Lee, Pymble, NSW, Australia)",2002,85,3,11,32,16,1,41,13,39.0,5.0,47.0,4.0,1000,1000,glucose=100 (Bao 2011 harmonized),"Bao 2011 Table 1 is already on the glucose=100 response scale. For earlier white-bread=100 scores, conversion to glucose=100 divides GS by (100/70) and FII by (100/73), equivalently multiplying by 0.70 and 0.73 respectively. This note corrects the previous reconstruction metadata only. Do not transform the already harmonized numerical Table 1 values again.",Bao et al. 2011 AJCN 93:984–996,Table 1,987,49,10.3945/ajcn.110.005033,
BAO2011-050,Bao 2011 published 121,Bakery products,"Cinnamon swirl pastry (Entenmanns Cinnamon Swirl Bun; Bimbo Bakeries USA, Horsham, PA)","Cinnamon swirl pastry (Entenmanns Cinnamon Swirl Bun; Bimbo Bakeries USA, Horsham, PA)",2004,63,4,10,31,14,2,40,12,39.0,4.0,42.0,4.0,1000,1000,glucose=100 (Bao 2011 harmonized),"Bao 2011 Table 1 is already on the glucose=100 response scale. For earlier white-bread=100 scores, conversion to glucose=100 divides GS by (100/70) and FII by (100/73), equivalently multiplying by 0.70 and 0.73 respectively. This note corrects the previous reconstruction metadata only. Do not transform the already harmonized numerical Table 1 values again.",Bao et al. 2011 AJCN 93:984–996,Table 1,987,50,10.3945/ajcn.110.005033,
BAO2011-051,Bao 2011 published 121,Bakery products,"Jatz crackers (Arnott’s Jatz, Virginia, Australia)","Jatz crackers (Arnott’s Jatz, Virginia, Australia)",2007,51,4,9,34,2,2,55,18,37.0,4.0,45.0,8.0,1000,1000,glucose=100 (Bao 2011 harmonized),"Bao 2011 Table 1 is already on the glucose=100 response scale. For earlier white-bread=100 scores, conversion to glucose=100 divides GS by (100/70) and FII by (100/73), equivalently multiplying by 0.70 and 0.73 respectively. This note corrects the previous reconstruction metadata only. Do not transform the already harmonized numerical Table 1 values again.",Bao et al. 2011 AJCN 93:984–996,Table 1,987,51,10.3945/ajcn.110.005033,
BAO2011-052,Bao 2011 published 121,Bakery products,Super Moist Yellow Cake with chocolate frosting (Betty Crocker; General Mills Inc),Super Moist Yellow Cake with chocolate frosting (Betty Crocker; General Mills Inc),2004,73,2,11,32,21,1,42,13,33.0,4.0,53.0,6.0,1000,1000,glucose=100 (Bao 2011 harmonized),"Bao 2011 Table 1 is already on the glucose=100 response scale. For earlier white-bread=100 scores, conversion to glucose=100 divides GS by (100/70) and FII by (100/73), equivalently multiplying by 0.70 and 0.73 respectively. This note corrects the previous reconstruction metadata only. Do not transform the already harmonized numerical Table 1 values again.",Bao et al. 2011 AJCN 93:984–996,Table 1,987,52,10.3945/ajcn.110.005033,
BAO2011-053,Bao 2011 published 121,Bakery products,"Honey-Raisin Bran muffin (Sun Maid, Kingsburg, CA)","Honey-Raisin Bran muffin (Sun Maid, Kingsburg, CA)",2004,64,3,8,38,23,3,56,21,32.0,4.0,37.0,4.0,1000,1000,glucose=100 (Bao 2011 harmonized),"Bao 2011 Table 1 is already on the glucose=100 response scale. For earlier white-bread=100 scores, conversion to glucose=100 divides GS by (100/70) and FII by (100/73), equivalently multiplying by 0.70 and 0.73 respectively. This note corrects the previous reconstruction metadata only. Do not transform the already harmonized numerical Table 1 values again.",Bao et al. 2011 AJCN 93:984–996,Table 1,987,53,10.3945/ajcn.110.005033,
BAO2011-054,Bao 2011 published 121,Bakery products,Regular Chocolate Chip Cookies (Chips Ahoy),Regular Chocolate Chip Cookies (Chips Ahoy),2004,49,3,12,30,15,2,50,15,21.0,4.0,33.0,3.0,1000,1000,glucose=100 (Bao 2011 harmonized),"Bao 2011 Table 1 is already on the glucose=100 response scale. For earlier white-bread=100 scores, conversion to glucose=100 divides GS by (100/70) and FII by (100/73), equivalently multiplying by 0.70 and 0.73 respectively. This note corrects the previous reconstruction metadata only. Do not transform the already harmonized numerical Table 1 values again.",Bao et al. 2011 AJCN 93:984–996,Table 1,987,54,10.3945/ajcn.110.005033,
BAO2011-055,Bao 2011 published 121,Fruit and fruit juice,"Peaches, canned in syrup (SPC; SPC Ardmona, Northmead, Australia)","Peaches, canned in syrup (SPC; SPC Ardmona, Northmead, Australia)",2007,346,1,2,56,53,4,58,32,67.0,5.0,65.0,8.0,1000,1000,glucose=100 (Bao 2011 harmonized),"Bao 2011 Table 1 is already on the glucose=100 response scale. For earlier white-bread=100 scores, conversion to glucose=100 divides GS by (100/70) and FII by (100/73), equivalently multiplying by 0.70 and 0.73 respectively. This note corrects the previous reconstruction metadata only. Do not transform the already harmonized numerical Table 1 values again.",Bao et al. 2011 AJCN 93:984–996,Table 1,988,55,10.3945/ajcn.110.005033,
BAO2011-056,Bao 2011 published 121,Fruit and fruit juice,"Honeydew melon (raw, Australia)","Honeydew melon (raw, Australia)",2006,714,5,2,46,46,1,62,29,62.0,8.0,93.0,15.0,1000,1000,glucose=100 (Bao 2011 harmonized),"Bao 2011 Table 1 is already on the glucose=100 response scale. For earlier white-bread=100 scores, conversion to glucose=100 divides GS by (100/70) and FII by (100/73), equivalently multiplying by 0.70 and 0.73 respectively. This note corrects the previous reconstruction metadata only. Do not transform the already harmonized numerical Table 1 values again.",Bao et al. 2011 AJCN 93:984–996,Table 1,988,56,10.3945/ajcn.110.005033,
BAO2011-057,Bao 2011 published 121,Fruit and fruit juice,"Raspberry jam (Cottees; Cottee Inc, Southbank, Australia)","Raspberry jam (Cottees; Cottee Inc, Southbank, Australia)",2005,88,0,0,59,59,1,51,30,58.0,8.0,62.0,9.0,1000,1000,glucose=100 (Bao 2011 harmonized),"Bao 2011 Table 1 is already on the glucose=100 response scale. For earlier white-bread=100 scores, conversion to glucose=100 divides GS by (100/70) and FII by (100/73), equivalently multiplying by 0.70 and 0.73 respectively. This note corrects the previous reconstruction metadata only. Do not transform the already harmonized numerical Table 1 values again.",Bao et al. 2011 AJCN 93:984–996,Table 1,988,57,10.3945/ajcn.110.005033,
BAO2011-058,Bao 2011 published 121,Fruit and fruit juice,"Bananas, raw, peeled (Australia)","Bananas, raw, peeled (Australia)",1997,279,3,0,56,47,6,52,29,55.0,7.0,59.0,4.0,1000,1000,glucose=100 (Bao 2011 harmonized),"Bao 2011 Table 1 is already on the glucose=100 response scale. For earlier white-bread=100 scores, conversion to glucose=100 divides GS by (100/70) and FII by (100/73), equivalently multiplying by 0.70 and 0.73 respectively. This note corrects the previous reconstruction metadata only. Do not transform the already harmonized numerical Table 1 values again.",Bao et al. 2011 AJCN 93:984–996,Table 1,988,58,10.3945/ajcn.110.005033,
BAO2011-059,Bao 2011 published 121,Fruit and fruit juice,"Seedless raisins (Sunbeam; Sunbeam Food Inc, Irymple, Australia)","Seedless raisins (Sunbeam; Sunbeam Food Inc, Irymple, Australia)",2006,72,2,1,56,55,4,64,36,54.0,7.0,31.0,5.0,1000,1000,glucose=100 (Bao 2011 harmonized),"Bao 2011 Table 1 is already on the glucose=100 response scale. For earlier white-bread=100 scores, conversion to glucose=100 divides GS by (100/70) and FII by (100/73), equivalently multiplying by 0.70 and 0.73 respectively. This note corrects the previous reconstruction metadata only. Do not transform the already harmonized numerical Table 1 values again.",Bao et al. 2011 AJCN 93:984–996,Table 1,988,59,10.3945/ajcn.110.005033,
BAO2011-060,Bao 2011 published 121,Fruit and fruit juice,"Orange juice, concentrate (Mr Juicy, Bulimba, Australia)","Orange juice, concentrate (Mr Juicy, Bulimba, Australia)",2007,625,3,0,53,53,1,53,28,53.0,6.0,55.0,7.0,1000,1000,glucose=100 (Bao 2011 harmonized),"Bao 2011 Table 1 is already on the glucose=100 response scale. For earlier white-bread=100 scores, conversion to glucose=100 divides GS by (100/70) and FII by (100/73), equivalently multiplying by 0.70 and 0.73 respectively. This note corrects the previous reconstruction metadata only. Do not transform the already harmonized numerical Table 1 values again.",Bao et al. 2011 AJCN 93:984–996,Table 1,988,60,10.3945/ajcn.110.005033,
BAO2011-061,Bao 2011 published 121,Fruit and fruit juice,"Apple juice (Berrivale Orchards Inc, Berrimah, Australia)","Apple juice (Berrivale Orchards Inc, Berrimah, Australia)",1999,588,0,0,59,59,0,39,23,53.0,5.0,47.0,2.0,1000,1000,glucose=100 (Bao 2011 harmonized),"Bao 2011 Table 1 is already on the glucose=100 response scale. For earlier white-bread=100 scores, conversion to glucose=100 divides GS by (100/70) and FII by (100/73), equivalently multiplying by 0.70 and 0.73 respectively. This note corrects the previous reconstruction metadata only. Do not transform the already harmonized numerical Table 1 values again.",Bao et al. 2011 AJCN 93:984–996,Table 1,988,61,10.3945/ajcn.110.005033,
BAO2011-062,Bao 2011 published 121,Fruit and fruit juice,"Black grapes, raw, fresh (Australia)","Black grapes, raw, fresh (Australia)",1997,395,1,0,57,57,4,50,28,52.0,6.0,60.0,4.0,1000,1000,glucose=100 (Bao 2011 harmonized),"Bao 2011 Table 1 is already on the glucose=100 response scale. For earlier white-bread=100 scores, conversion to glucose=100 divides GS by (100/70) and FII by (100/73), equivalently multiplying by 0.70 and 0.73 respectively. This note corrects the previous reconstruction metadata only. Do not transform the already harmonized numerical Table 1 values again.",Bao et al. 2011 AJCN 93:984–996,Table 1,988,62,10.3945/ajcn.110.005033,
BAO2011-063,Bao 2011 published 121,Fruit and fruit juice,"Peaches, canned in juice (SPC Ardmona, Australia)","Peaches, canned in juice (SPC Ardmona, Australia)",2007,485,2,1,55,42,6,40,22,50.0,6.0,54.0,10.0,1000,1000,glucose=100 (Bao 2011 harmonized),"Bao 2011 Table 1 is already on the glucose=100 response scale. For earlier white-bread=100 scores, conversion to glucose=100 divides GS by (100/70) and FII by (100/73), equivalently multiplying by 0.70 and 0.73 respectively. This note corrects the previous reconstruction metadata only. Do not transform the already harmonized numerical Table 1 values again.",Bao et al. 2011 AJCN 93:984–996,Table 1,988,63,10.3945/ajcn.110.005033,
BAO2011-064,Bao 2011 published 121,Fruit and fruit juice,"Apples, Red Delicious, raw (Australia)","Apples, Red Delicious, raw (Australia)",1997,435,1,0,58,57,9,36,21,35.0,4.0,43.0,3.0,1000,1000,glucose=100 (Bao 2011 harmonized),"Bao 2011 Table 1 is already on the glucose=100 response scale. For earlier white-bread=100 scores, conversion to glucose=100 divides GS by (100/70) and FII by (100/73), equivalently multiplying by 0.70 and 0.73 respectively. This note corrects the previous reconstruction metadata only. Do not transform the already harmonized numerical Table 1 values again.",Bao et al. 2011 AJCN 93:984–996,Table 1,988,64,10.3945/ajcn.110.005033,
BAO2011-065,Bao 2011 published 121,Fruit and fruit juice,"Oranges, raw, peeled (Australia)","Oranges, raw, peeled (Australia)",1997,625,7,1,51,51,13,42,21,27.0,5.0,44.0,2.0,1000,1000,glucose=100 (Bao 2011 harmonized),"Bao 2011 Table 1 is already on the glucose=100 response scale. For earlier white-bread=100 scores, conversion to glucose=100 divides GS by (100/70) and FII by (100/73), equivalently multiplying by 0.70 and 0.73 respectively. This note corrects the previous reconstruction metadata only. Do not transform the already harmonized numerical Table 1 values again.",Bao et al. 2011 AJCN 93:984–996,Table 1,988,65,10.3945/ajcn.110.005033,
BAO2011-066,Bao 2011 published 121,Fruit and fruit juice,"Avocado, raw, peeled (USA)","Avocado, raw, peeled (USA)",2002,112,2,25,0,0,2,0,0,1.0,1.0,4.0,1.0,1000,1000,glucose=100 (Bao 2011 harmonized),"Bao 2011 Table 1 is already on the glucose=100 response scale. For earlier white-bread=100 scores, conversion to glucose=100 divides GS by (100/70) and FII by (100/73), equivalently multiplying by 0.70 and 0.73 respectively. This note corrects the previous reconstruction metadata only. Do not transform the already harmonized numerical Table 1 values again.",Bao et al. 2011 AJCN 93:984–996,Table 1,988,66,10.3945/ajcn.110.005033,
BAO2011-067,Bao 2011 published 121,Vegetables,"Carrot juice, freshly extracted (Australia)","Carrot juice, freshly extracted (Australia)",2006,762,6,1,41,41,24,43,18,44.0,5.0,41.0,8.0,1000,1000,glucose=100 (Bao 2011 harmonized),"Bao 2011 Table 1 is already on the glucose=100 response scale. For earlier white-bread=100 scores, conversion to glucose=100 divides GS by (100/70) and FII by (100/73), equivalently multiplying by 0.70 and 0.73 respectively. This note corrects the previous reconstruction metadata only. Do not transform the already harmonized numerical Table 1 values again.",Bao et al. 2011 AJCN 93:984–996,Table 1,988,67,10.3945/ajcn.110.005033,
BAO2011-068,Bao 2011 published 121,Vegetables,"Frozen corn (McCain Super; McCain Foods Pty Ltd, Baulkham Hills, Australia)","Frozen corn (McCain Super; McCain Foods Pty Ltd, Baulkham Hills, Australia)",2006,222,6,3,43,10,7,47,20,36.0,4.0,39.0,7.0,1000,1000,glucose=100 (Bao 2011 harmonized),"Bao 2011 Table 1 is already on the glucose=100 response scale. For earlier white-bread=100 scores, conversion to glucose=100 divides GS by (100/70) and FII by (100/73), equivalently multiplying by 0.70 and 0.73 respectively. This note corrects the previous reconstruction metadata only. Do not transform the already harmonized numerical Table 1 values again.",Bao et al. 2011 AJCN 93:984–996,Table 1,988,68,10.3945/ajcn.110.005033,
BAO2011-069,Bao 2011 published 121,Vegetables,"Tomato pasta sauce (Paul Newman, Sydney, Australia)","Tomato pasta sauce (Paul Newman, Sydney, Australia)",2006,445,6,8,38,34,0,31,12,34.0,2.0,41.0,8.0,1000,1000,glucose=100 (Bao 2011 harmonized),"Bao 2011 Table 1 is already on the glucose=100 response scale. For earlier white-bread=100 scores, conversion to glucose=100 divides GS by (100/70) and FII by (100/73), equivalently multiplying by 0.70 and 0.73 respectively. This note corrects the previous reconstruction metadata only. Do not transform the already harmonized numerical Table 1 values again.",Bao et al. 2011 AJCN 93:984–996,Table 1,988,69,10.3945/ajcn.110.005033,
BAO2011-070,Bao 2011 published 121,Vegetables,"Coleslaw, commercial (Coles Supermarkets Ltd, Australia)","Coleslaw, commercial (Coles Supermarkets Ltd, Australia)",2002,252,5,10,34,33,7,39,13,20.0,5.0,20.0,2.0,1000,1000,glucose=100 (Bao 2011 harmonized),"Bao 2011 Table 1 is already on the glucose=100 response scale. For earlier white-bread=100 scores, conversion to glucose=100 divides GS by (100/70) and FII by (100/73), equivalently multiplying by 0.70 and 0.73 respectively. This note corrects the previous reconstruction metadata only. Do not transform the already harmonized numerical Table 1 values again.",Bao et al. 2011 AJCN 93:984–996,Table 1,988,70,10.3945/ajcn.110.005033,
BAO2011-071,Bao 2011 published 121,Snack foods,"97% Fat-free pretzels (Parkers; The Smith’s Snackfood Company, Chatswood, Australia)","97% Fat-free pretzels (Parkers; The Smith’s Snackfood Company, Chatswood, Australia)",2004,63,6,2,50,2,3,84,42,85.0,7.0,74.0,12.0,1000,1000,glucose=100 (Bao 2011 harmonized),"Bao 2011 Table 1 is already on the glucose=100 response scale. For earlier white-bread=100 scores, conversion to glucose=100 divides GS by (100/70) and FII by (100/73), equivalently multiplying by 0.70 and 0.73 respectively. This note corrects the previous reconstruction metadata only. Do not transform the already harmonized numerical Table 1 values again.",Bao et al. 2011 AJCN 93:984–996,Table 1,988,71,10.3945/ajcn.110.005033,
BAO2011-072,Bao 2011 published 121,Snack foods,"Jellybeans (Grocery Wholesalers Inc, Australia)","Jellybeans (Grocery Wholesalers Inc, Australia)",1997,88,3,0,56,45,0,78,44,83.0,13.0,117.0,12.0,1000,1000,glucose=100 (Bao 2011 harmonized),"Bao 2011 Table 1 is already on the glucose=100 response scale. For earlier white-bread=100 scores, conversion to glucose=100 divides GS by (100/70) and FII by (100/73), equivalently multiplying by 0.70 and 0.73 respectively. This note corrects the previous reconstruction metadata only. Do not transform the already harmonized numerical Table 1 values again.",Bao et al. 2011 AJCN 93:984–996,Table 1,988,72,10.3945/ajcn.110.005033,
BAO2011-073,Bao 2011 published 121,Snack foods,"Sherbet (Frosty Fruits orange mango splits; Nestle Pty Ltd, Australia)","Sherbet (Frosty Fruits orange mango splits; Nestle Pty Ltd, Australia)",2007,217,3,3,50,48,0,59,30,61.0,7.0,76.0,8.0,1000,1000,glucose=100 (Bao 2011 harmonized),"Bao 2011 Table 1 is already on the glucose=100 response scale. For earlier white-bread=100 scores, conversion to glucose=100 divides GS by (100/70) and FII by (100/73), equivalently multiplying by 0.70 and 0.73 respectively. This note corrects the previous reconstruction metadata only. Do not transform the already harmonized numerical Table 1 values again.",Bao et al. 2011 AJCN 93:984–996,Table 1,988,73,10.3945/ajcn.110.005033,
BAO2011-074,Bao 2011 published 121,Snack foods,"Mars Bar (Mars Confectionary Inc, Auburn, Australia)","Mars Bar (Mars Confectionary Inc, Auburn, Australia)",1997,54,3,9,38,37,2,62,23,55.0,9.0,89.0,11.0,1000,1000,glucose=100 (Bao 2011 harmonized),"Bao 2011 Table 1 is already on the glucose=100 response scale. For earlier white-bread=100 scores, conversion to glucose=100 divides GS by (100/70) and FII by (100/73), equivalently multiplying by 0.70 and 0.73 respectively. This note corrects the previous reconstruction metadata only. Do not transform the already harmonized numerical Table 1 values again.",Bao et al. 2011 AJCN 93:984–996,Table 1,988,74,10.3945/ajcn.110.005033,
BAO2011-075,Bao 2011 published 121,Snack foods,"French fries (McCain’s Foods Inc, Australia)","French fries (McCain’s Foods Inc, Australia)",1997,93,4,9,37,2,4,70,26,50.0,11.0,54.0,9.0,1000,1000,glucose=100 (Bao 2011 harmonized),"Bao 2011 Table 1 is already on the glucose=100 response scale. For earlier white-bread=100 scores, conversion to glucose=100 divides GS by (100/70) and FII by (100/73), equivalently multiplying by 0.70 and 0.73 respectively. This note corrects the previous reconstruction metadata only. Do not transform the already harmonized numerical Table 1 values again.",Bao et al. 2011 AJCN 93:984–996,Table 1,988,75,10.3945/ajcn.110.005033,
BAO2011-076,Bao 2011 published 121,Snack foods,"Popcorn (Uncle Toby’s Inc, Australia)","Popcorn (Uncle Toby’s Inc, Australia)",1997,52,5,13,27,2,6,66,18,43.0,11.0,39.0,7.0,1000,1000,glucose=100 (Bao 2011 harmonized),"Bao 2011 Table 1 is already on the glucose=100 response scale. For earlier white-bread=100 scores, conversion to glucose=100 divides GS by (100/70) and FII by (100/73), equivalently multiplying by 0.70 and 0.73 respectively. This note corrects the previous reconstruction metadata only. Do not transform the already harmonized numerical Table 1 values again.",Bao et al. 2011 AJCN 93:984–996,Table 1,988,76,10.3945/ajcn.110.005033,
BAO2011-077,Bao 2011 published 121,Snack foods,"40% Reduced-fat potato chips (Cape Cod Potato Chip Company, Hyannis, MA)","40% Reduced-fat potato chips (Cape Cod Potato Chip Company, Hyannis, MA)",2004,51,4,11,31,2,2,60,19,40.0,5.0,51.0,6.0,1000,1000,glucose=100 (Bao 2011 harmonized),"Bao 2011 Table 1 is already on the glucose=100 response scale. For earlier white-bread=100 scores, conversion to glucose=100 divides GS by (100/70) and FII by (100/73), equivalently multiplying by 0.70 and 0.73 respectively. This note corrects the previous reconstruction metadata only. Do not transform the already harmonized numerical Table 1 values again.",Bao et al. 2011 AJCN 93:984–996,Table 1,988,77,10.3945/ajcn.110.005033,
BAO2011-078,Bao 2011 published 121,Snack foods,"McDonald’s French fries (McDonald’s Inc, Australia)","McDonald’s French fries (McDonald’s Inc, Australia)",2002,76,3,13,26,1,3,70,18,39.0,5.0,57.0,6.0,1000,1000,glucose=100 (Bao 2011 harmonized),"Bao 2011 Table 1 is already on the glucose=100 response scale. For earlier white-bread=100 scores, conversion to glucose=100 divides GS by (100/70) and FII by (100/73), equivalently multiplying by 0.70 and 0.73 respectively. This note corrects the previous reconstruction metadata only. Do not transform the already harmonized numerical Table 1 values again.",Bao et al. 2011 AJCN 93:984–996,Table 1,988,78,10.3945/ajcn.110.005033,
BAO2011-079,Bao 2011 published 121,Snack foods,"Potato chips (The Smith’s Snackfood Company, Australia)","Potato chips (The Smith’s Snackfood Company, Australia)",1997,44,3,16,22,0,2,60,13,36.0,6.0,45.0,10.0,1000,1000,glucose=100 (Bao 2011 harmonized),"Bao 2011 Table 1 is already on the glucose=100 response scale. For earlier white-bread=100 scores, conversion to glucose=100 divides GS by (100/70) and FII by (100/73), equivalently multiplying by 0.70 and 0.73 respectively. This note corrects the previous reconstruction metadata only. Do not transform the already harmonized numerical Table 1 values again.",Bao et al. 2011 AJCN 93:984–996,Table 1,988,79,10.3945/ajcn.110.005033,
BAO2011-080,Bao 2011 published 121,Snack foods,"Corn chips (The Smith’s Snackfood Company, Australia)","Corn chips (The Smith’s Snackfood Company, Australia)",1999,46,3,13,24,1,5,42,10,32.0,4.0,45.0,5.0,1000,1000,glucose=100 (Bao 2011 harmonized),"Bao 2011 Table 1 is already on the glucose=100 response scale. For earlier white-bread=100 scores, conversion to glucose=100 divides GS by (100/70) and FII by (100/73), equivalently multiplying by 0.70 and 0.73 respectively. This note corrects the previous reconstruction metadata only. Do not transform the already harmonized numerical Table 1 values again.",Bao et al. 2011 AJCN 93:984–996,Table 1,988,80,10.3945/ajcn.110.005033,
BAO2011-081,Bao 2011 published 121,Snack foods,"Snickers bar (Masterfoods, Hackettstown, NJ)","Snickers bar (Masterfoods, Hackettstown, NJ)",2004,50,3,12,29,25,1,42,12,27.0,4.0,37.0,3.0,1000,1000,glucose=100 (Bao 2011 harmonized),"Bao 2011 Table 1 is already on the glucose=100 response scale. For earlier white-bread=100 scores, conversion to glucose=100 divides GS by (100/70) and FII by (100/73), equivalently multiplying by 0.70 and 0.73 respectively. This note corrects the previous reconstruction metadata only. Do not transform the already harmonized numerical Table 1 values again.",Bao et al. 2011 AJCN 93:984–996,Table 1,988,81,10.3945/ajcn.110.005033,
BAO2011-082,Bao 2011 published 121,Snack foods,"Hershey’s milk, chocolate (Hershey Foods Inc, Hershey, PA)","Hershey’s milk, chocolate (Hershey Foods Inc, Hershey, PA)",2004,45,3,14,25,23,1,43,11,27.0,2.0,34.0,3.0,1000,1000,glucose=100 (Bao 2011 harmonized),"Bao 2011 Table 1 is already on the glucose=100 response scale. For earlier white-bread=100 scores, conversion to glucose=100 divides GS by (100/70) and FII by (100/73), equivalently multiplying by 0.70 and 0.73 respectively. This note corrects the previous reconstruction metadata only. Do not transform the already harmonized numerical Table 1 values again.",Bao et al. 2011 AJCN 93:984–996,Table 1,988,82,10.3945/ajcn.110.005033,
BAO2011-083,Bao 2011 published 121,Carbohydrate-rich foods,"Potatoes (russet boiled, peeled; Australia)","Potatoes (russet boiled, peeled; Australia)",1997,368,10,1,49,3,9,78,38,99.0,25.0,88.0,8.0,1000,1000,glucose=100 (Bao 2011 harmonized),"Bao 2011 Table 1 is already on the glucose=100 response scale. For earlier white-bread=100 scores, conversion to glucose=100 divides GS by (100/70) and FII by (100/73), equivalently multiplying by 0.70 and 0.73 respectively. This note corrects the previous reconstruction metadata only. Do not transform the already harmonized numerical Table 1 values again.",Bao et al. 2011 AJCN 93:984–996,Table 1,988,83,10.3945/ajcn.110.005033,
BAO2011-084,Bao 2011 published 121,Carbohydrate-rich foods,"White rice (Sunwhite; Rice-growers Inc, Leeton, Australia)","White rice (Sunwhite; Rice-growers Inc, Leeton, Australia)",1997,203,5,1,56,0,0,72,40,77.0,11.0,58.0,9.0,1000,1000,glucose=100 (Bao 2011 harmonized),"Bao 2011 Table 1 is already on the glucose=100 response scale. For earlier white-bread=100 scores, conversion to glucose=100 divides GS by (100/70) and FII by (100/73), equivalently multiplying by 0.70 and 0.73 respectively. This note corrects the previous reconstruction metadata only. Do not transform the already harmonized numerical Table 1 values again.",Bao et al. 2011 AJCN 93:984–996,Table 1,988,84,10.3945/ajcn.110.005033,
BAO2011-085,Bao 2011 published 121,Carbohydrate-rich foods,Brown rice (Sunbrown; Ricegrowers Inc),Brown rice (Sunbrown; Ricegrowers Inc),1997,148,5,2,53,1,1,72,38,73.0,13.0,45.0,8.0,1000,1000,glucose=100 (Bao 2011 harmonized),"Bao 2011 Table 1 is already on the glucose=100 response scale. For earlier white-bread=100 scores, conversion to glucose=100 divides GS by (100/70) and FII by (100/73), equivalently multiplying by 0.70 and 0.73 respectively. This note corrects the previous reconstruction metadata only. Do not transform the already harmonized numerical Table 1 values again.",Bao et al. 2011 AJCN 93:984–996,Table 1,988,85,10.3945/ajcn.110.005033,
BAO2011-086,Bao 2011 published 121,Carbohydrate-rich foods,"White bread (Sunblest; Tiptop Pty Ltd, Enfield, Australia)","White bread (Sunblest; Tiptop Pty Ltd, Enfield, Australia)",2005,97,9,2,44,3,3,70,31,70.0,6.0,73.0,5.0,1000,1000,glucose=100 (Bao 2011 harmonized),"Bao 2011 Table 1 is already on the glucose=100 response scale. For earlier white-bread=100 scores, conversion to glucose=100 divides GS by (100/70) and FII by (100/73), equivalently multiplying by 0.70 and 0.73 respectively. This note corrects the previous reconstruction metadata only. Do not transform the already harmonized numerical Table 1 values again.",Bao et al. 2011 AJCN 93:984–996,Table 1,988,86,10.3945/ajcn.110.005033,
BAO2011-087,Bao 2011 published 121,Carbohydrate-rich foods,"Whole-meal bread (Riga Bakeries Inc, Sydney, Australia)","Whole-meal bread (Riga Bakeries Inc, Sydney, Australia)",1997,101,8,3,45,2,7,74,34,68.0,12.0,70.0,9.0,1000,1000,glucose=100 (Bao 2011 harmonized),"Bao 2011 Table 1 is already on the glucose=100 response scale. For earlier white-bread=100 scores, conversion to glucose=100 divides GS by (100/70) and FII by (100/73), equivalently multiplying by 0.70 and 0.73 respectively. This note corrects the previous reconstruction metadata only. Do not transform the already harmonized numerical Table 1 values again.",Bao et al. 2011 AJCN 93:984–996,Table 1,989,87,10.3945/ajcn.110.005033,
BAO2011-088,Bao 2011 published 121,Carbohydrate-rich foods,"Brown pasta (Sam Remo Pasta Inc, Wetherill Park, Australia)","Brown pasta (Sam Remo Pasta Inc, Wetherill Park, Australia)",1997,218,11,2,49,1,11,42,20,48.0,7.0,29.0,4.0,1000,1000,glucose=100 (Bao 2011 harmonized),"Bao 2011 Table 1 is already on the glucose=100 response scale. For earlier white-bread=100 scores, conversion to glucose=100 divides GS by (100/70) and FII by (100/73), equivalently multiplying by 0.70 and 0.73 respectively. This note corrects the previous reconstruction metadata only. Do not transform the already harmonized numerical Table 1 values again.",Bao et al. 2011 AJCN 93:984–996,Table 1,989,88,10.3945/ajcn.110.005033,
BAO2011-089,Bao 2011 published 121,Carbohydrate-rich foods,"Tortillas, white corn (DieGo; San Diego Tortilla Factory, Burleigh Heads, Australia)","Tortillas, white corn (DieGo; San Diego Tortilla Factory, Burleigh Heads, Australia)",2007,104,6,2,47,1,4,49,23,43.0,7.0,36.0,8.0,1000,1000,glucose=100 (Bao 2011 harmonized),"Bao 2011 Table 1 is already on the glucose=100 response scale. For earlier white-bread=100 scores, conversion to glucose=100 divides GS by (100/70) and FII by (100/73), equivalently multiplying by 0.70 and 0.73 respectively. This note corrects the previous reconstruction metadata only. Do not transform the already harmonized numerical Table 1 values again.",Bao et al. 2011 AJCN 93:984–996,Table 1,989,89,10.3945/ajcn.110.005033,
BAO2011-090,Bao 2011 published 121,Carbohydrate-rich foods,"Grain bread (Tiptop Bakeries Inc, Australia)","Grain bread (Tiptop Bakeries Inc, Australia)",1997,108,9,5,40,2,7,50,20,42.0,8.0,41.0,4.0,1000,1000,glucose=100 (Bao 2011 harmonized),"Bao 2011 Table 1 is already on the glucose=100 response scale. For earlier white-bread=100 scores, conversion to glucose=100 divides GS by (100/70) and FII by (100/73), equivalently multiplying by 0.70 and 0.73 respectively. This note corrects the previous reconstruction metadata only. Do not transform the already harmonized numerical Table 1 values again.",Bao et al. 2011 AJCN 93:984–996,Table 1,989,90,10.3945/ajcn.110.005033,
BAO2011-091,Bao 2011 published 121,Carbohydrate-rich foods,"Pizza4 (McCains, Australia)","Pizza (McCains, Australia)",1999,90,12,8,30,2,0,60,18,41.0,5.0,47.0,4.0,1000,1000,glucose=100 (Bao 2011 harmonized),"Bao 2011 Table 1 is already on the glucose=100 response scale. For earlier white-bread=100 scores, conversion to glucose=100 divides GS by (100/70) and FII by (100/73), equivalently multiplying by 0.70 and 0.73 respectively. This note corrects the previous reconstruction metadata only. Do not transform the already harmonized numerical Table 1 values again.",Bao et al. 2011 AJCN 93:984–996,Table 1,989,91,10.3945/ajcn.110.005033,Bao Table 1 footnote 4: pizza base composition described.
BAO2011-092,Bao 2011 published 121,Carbohydrate-rich foods,"Grain bread (Burgen, Soy-Lin, Chatswood, Australia)","Grain bread (Burgen, Soy-Lin, Chatswood, Australia)",2006,99,15,7,29,2,5,36,11,34.0,5.0,52.0,9.0,1000,1000,glucose=100 (Bao 2011 harmonized),"Bao 2011 Table 1 is already on the glucose=100 response scale. For earlier white-bread=100 scores, conversion to glucose=100 divides GS by (100/70) and FII by (100/73), equivalently multiplying by 0.70 and 0.73 respectively. This note corrects the previous reconstruction metadata only. Do not transform the already harmonized numerical Table 1 values again.",Bao et al. 2011 AJCN 93:984–996,Table 1,989,92,10.3945/ajcn.110.005033,
BAO2011-093,Bao 2011 published 121,Carbohydrate-rich foods,"White pasta, spirals (Sam Remo, Australia)","White pasta, spirals (Sam Remo, Australia)",1997,201,8,1,49,2,4,46,23,32.0,7.0,29.0,4.0,1000,1000,glucose=100 (Bao 2011 harmonized),"Bao 2011 Table 1 is already on the glucose=100 response scale. For earlier white-bread=100 scores, conversion to glucose=100 divides GS by (100/70) and FII by (100/73), equivalently multiplying by 0.70 and 0.73 respectively. This note corrects the previous reconstruction metadata only. Do not transform the already harmonized numerical Table 1 values again.",Bao et al. 2011 AJCN 93:984–996,Table 1,989,93,10.3945/ajcn.110.005033,
BAO2011-094,Bao 2011 published 121,Carbohydrate-rich foods,"Beef lasagna (Sara Lee Bakery Pty Ltd, Pymble, Australia)","Beef lasagna (Sara Lee Bakery Pty Ltd, Pymble, Australia)",2002,164,12,10,25,3,1,38,10,15.0,2.0,34.0,5.0,1000,1000,glucose=100 (Bao 2011 harmonized),"Bao 2011 Table 1 is already on the glucose=100 response scale. For earlier white-bread=100 scores, conversion to glucose=100 divides GS by (100/70) and FII by (100/73), equivalently multiplying by 0.70 and 0.73 respectively. This note corrects the previous reconstruction metadata only. Do not transform the already harmonized numerical Table 1 values again.",Bao et al. 2011 AJCN 93:984–996,Table 1,989,94,10.3945/ajcn.110.005033,
BAO2011-095,Bao 2011 published 121,Protein-rich foods,"Baked beans5 (Franklins; Franklins Supermarket, Rockdale, NSW, Australia)","Baked beans (Franklins; Franklins Supermarket, Rockdale, NSW, Australia)",1997,351,16,2,39,16,17,44,17,80.0,13.0,88.0,14.0,1000,1000,glucose=100 (Bao 2011 harmonized),"Bao 2011 Table 1 is already on the glucose=100 response scale. For earlier white-bread=100 scores, conversion to glucose=100 divides GS by (100/70) and FII by (100/73), equivalently multiplying by 0.70 and 0.73 respectively. This note corrects the previous reconstruction metadata only. Do not transform the already harmonized numerical Table 1 values again.",Bao et al. 2011 AJCN 93:984–996,Table 1,989,95,10.3945/ajcn.110.005033,Bao Table 1 footnote 5: canned navy beans in tomato sauce; heated 5 min before serving.
BAO2011-096,Bao 2011 published 121,Protein-rich foods,"Lentils, served with tomato sauce6 (Australia)","Lentils, served with tomato sauce (Australia)",1997,253,19,5,29,4,11,37,11,43.0,15.0,42.0,9.0,1000,1000,glucose=100 (Bao 2011 harmonized),"Bao 2011 Table 1 is already on the glucose=100 response scale. For earlier white-bread=100 scores, conversion to glucose=100 divides GS by (100/70) and FII by (100/73), equivalently multiplying by 0.70 and 0.73 respectively. This note corrects the previous reconstruction metadata only. Do not transform the already harmonized numerical Table 1 values again.",Bao et al. 2011 AJCN 93:984–996,Table 1,989,96,10.3945/ajcn.110.005033,Bao Table 1 footnote 6: lentils served in basic tomato sauce; recipe listed in paper.
BAO2011-097,Bao 2011 published 121,Protein-rich foods,"Eggs, poached (Australia)","Eggs, poached (Australia)",1997,160,21,18,1,1,0,0,0,29.0,11.0,23.0,4.0,1000,1000,glucose=100 (Bao 2011 harmonized),"Bao 2011 Table 1 is already on the glucose=100 response scale. For earlier white-bread=100 scores, conversion to glucose=100 divides GS by (100/70) and FII by (100/73), equivalently multiplying by 0.70 and 0.73 respectively. This note corrects the previous reconstruction metadata only. Do not transform the already harmonized numerical Table 1 values again.",Bao et al. 2011 AJCN 93:984–996,Table 1,989,97,10.3945/ajcn.110.005033,
BAO2011-098,Bao 2011 published 121,Protein-rich foods,"Battered fish fillets (Coles Supermarkets Inc, Australia)","Battered fish fillets (Coles Supermarkets Inc, Australia)",2002,110,13,15,14,0,1,38,5,29.0,2.0,54.0,4.0,1000,1000,glucose=100 (Bao 2011 harmonized),"Bao 2011 Table 1 is already on the glucose=100 response scale. For earlier white-bread=100 scores, conversion to glucose=100 divides GS by (100/70) and FII by (100/73), equivalently multiplying by 0.70 and 0.73 respectively. This note corrects the previous reconstruction metadata only. Do not transform the already harmonized numerical Table 1 values again.",Bao et al. 2011 AJCN 93:984–996,Table 1,989,98,10.3945/ajcn.110.005033,
BAO2011-099,Bao 2011 published 121,Protein-rich foods,"Canned navy beans (Eden Organic Navy Beans, Clinton, Ml)","Canned navy beans (Eden Organic Navy Beans, Clinton, Ml)",2005,281,19,5,28,0,24,31,9,20.0,4.0,23.0,4.0,1000,1000,glucose=100 (Bao 2011 harmonized),"Bao 2011 Table 1 is already on the glucose=100 response scale. For earlier white-bread=100 scores, conversion to glucose=100 divides GS by (100/70) and FII by (100/73), equivalently multiplying by 0.70 and 0.73 respectively. This note corrects the previous reconstruction metadata only. Do not transform the already harmonized numerical Table 1 values again.",Bao et al. 2011 AJCN 93:984–996,Table 1,989,99,10.3945/ajcn.110.005033,
BAO2011-100,Bao 2011 published 121,Protein-rich foods,"White fish (Ling fish fillet, Australia)","White fish (Ling fish fillet, Australia)",1997,333,56,1,0,0,0,0,0,20.0,9.0,43.0,13.0,1000,1000,glucose=100 (Bao 2011 harmonized),"Bao 2011 Table 1 is already on the glucose=100 response scale. For earlier white-bread=100 scores, conversion to glucose=100 divides GS by (100/70) and FII by (100/73), equivalently multiplying by 0.70 and 0.73 respectively. This note corrects the previous reconstruction metadata only. Do not transform the already harmonized numerical Table 1 values again.",Bao et al. 2011 AJCN 93:984–996,Table 1,989,100,10.3945/ajcn.110.005033,
BAO2011-101,Bao 2011 published 121,Protein-rich foods,Beef steak7 (Australia),Beef steak (Australia),1997,158,42,8,0,0,0,0,0,15.0,6.0,37.0,12.0,1000,1000,glucose=100 (Bao 2011 harmonized),"Bao 2011 Table 1 is already on the glucose=100 response scale. For earlier white-bread=100 scores, conversion to glucose=100 divides GS by (100/70) and FII by (100/73), equivalently multiplying by 0.70 and 0.73 respectively. This note corrects the previous reconstruction metadata only. Do not transform the already harmonized numerical Table 1 values again.",Bao et al. 2011 AJCN 93:984–996,Table 1,989,101,10.3945/ajcn.110.005033,"Bao Table 1 footnote 7: lean top-side beef; grilled day before, refrigerated, microwaved before serving."
BAO2011-102,Bao 2011 published 121,Protein-rich foods,"Taco8 (Casa Fiesta Beef Taco; Bruce Foods Corporation, New Iberia, LA)","Taco (Casa Fiesta Beef Taco; Bruce Foods Corporation, New Iberia, LA)",2004,138,20,13,9,1,2,39,4,11.0,1.0,24.0,2.0,1000,1000,glucose=100 (Bao 2011 harmonized),"Bao 2011 Table 1 is already on the glucose=100 response scale. For earlier white-bread=100 scores, conversion to glucose=100 divides GS by (100/70) and FII by (100/73), equivalently multiplying by 0.70 and 0.73 respectively. This note corrects the previous reconstruction metadata only. Do not transform the already harmonized numerical Table 1 values again.",Bao et al. 2011 AJCN 93:984–996,Table 1,989,102,10.3945/ajcn.110.005033,"Bao Table 1 footnote 8: seasoned beef mince, lettuce, tomato, light cheese."
BAO2011-103,Bao 2011 published 121,Protein-rich foods,"Tuna, canned in water (Coles Supermarkets Inc, Australia)","Tuna, canned in water (Coles Supermarkets Inc, Australia)",2001,239,48,5,0,0,0,0,0,8.0,2.0,26.0,4.0,1000,1000,glucose=100 (Bao 2011 harmonized),"Bao 2011 Table 1 is already on the glucose=100 response scale. For earlier white-bread=100 scores, conversion to glucose=100 divides GS by (100/70) and FII by (100/73), equivalently multiplying by 0.70 and 0.73 respectively. This note corrects the previous reconstruction metadata only. Do not transform the already harmonized numerical Table 1 values again.",Bao et al. 2011 AJCN 93:984–996,Table 1,989,103,10.3945/ajcn.110.005033,
BAO2011-104,Bao 2011 published 121,Protein-rich foods,Frankfurter/hot dog (Australia),Frankfurter/hot dog (Australia),2001,95,14,19,3,0,2,28,1,8.0,2.0,16.0,3.0,1000,1000,glucose=100 (Bao 2011 harmonized),"Bao 2011 Table 1 is already on the glucose=100 response scale. For earlier white-bread=100 scores, conversion to glucose=100 divides GS by (100/70) and FII by (100/73), equivalently multiplying by 0.70 and 0.73 respectively. This note corrects the previous reconstruction metadata only. Do not transform the already harmonized numerical Table 1 values again.",Bao et al. 2011 AJCN 93:984–996,Table 1,989,104,10.3945/ajcn.110.005033,
BAO2011-105,Bao 2011 published 121,Protein-rich foods,"Peanuts, salted and roasted (Grocery Wholesalers Inc, Australia)","Peanuts, salted and roasted (Grocery Wholesalers Inc, Australia)",1997,38,10,20,5,2,2,14,1,8.0,3.0,15.0,2.0,1000,1000,glucose=100 (Bao 2011 harmonized),"Bao 2011 Table 1 is already on the glucose=100 response scale. For earlier white-bread=100 scores, conversion to glucose=100 divides GS by (100/70) and FII by (100/73), equivalently multiplying by 0.70 and 0.73 respectively. This note corrects the previous reconstruction metadata only. Do not transform the already harmonized numerical Table 1 values again.",Bao et al. 2011 AJCN 93:984–996,Table 1,989,105,10.3945/ajcn.110.005033,
BAO2011-106,Bao 2011 published 121,Protein-rich foods,Bologna (Australia),Bologna (Australia),2001,111,24,9,13,3,3,0,0,6.0,2.0,11.0,2.0,1000,1000,glucose=100 (Bao 2011 harmonized),"Bao 2011 Table 1 is already on the glucose=100 response scale. For earlier white-bread=100 scores, conversion to glucose=100 divides GS by (100/70) and FII by (100/73), equivalently multiplying by 0.70 and 0.73 respectively. This note corrects the previous reconstruction metadata only. Do not transform the already harmonized numerical Table 1 values again.",Bao et al. 2011 AJCN 93:984–996,Table 1,989,106,10.3945/ajcn.110.005033,
BAO2011-107,Bao 2011 published 121,Protein-rich foods,"Peanut butter (Kraft Foods Inc, Australia)","Peanut butter (Kraft Foods Inc, Australia)",2001,41,9,20,7,2,5,14,1,6.0,1.0,11.0,2.0,1000,1000,glucose=100 (Bao 2011 harmonized),"Bao 2011 Table 1 is already on the glucose=100 response scale. For earlier white-bread=100 scores, conversion to glucose=100 divides GS by (100/70) and FII by (100/73), equivalently multiplying by 0.70 and 0.73 respectively. This note corrects the previous reconstruction metadata only. Do not transform the already harmonized numerical Table 1 values again.",Bao et al. 2011 AJCN 93:984–996,Table 1,989,107,10.3945/ajcn.110.005033,
BAO2011-108,Bao 2011 published 121,Protein-rich foods,"Tofu (Soyco, Sydney, Australia)","Tofu (Soyco, Sydney, Australia)",2003,227,27,11,7,1,3,15,1,5.0,1.0,21.0,4.0,1000,1000,glucose=100 (Bao 2011 harmonized),"Bao 2011 Table 1 is already on the glucose=100 response scale. For earlier white-bread=100 scores, conversion to glucose=100 divides GS by (100/70) and FII by (100/73), equivalently multiplying by 0.70 and 0.73 respectively. This note corrects the previous reconstruction metadata only. Do not transform the already harmonized numerical Table 1 values again.",Bao et al. 2011 AJCN 93:984–996,Table 1,989,108,10.3945/ajcn.110.005033,
BAO2011-109,Bao 2011 published 121,Protein-rich foods,"Peeled prawns, boiled (Findus Seafood Deli, Australia)","Peeled prawns, boiled (Findus Seafood Deli, Australia)",2003,235,48,4,2,1,0,0,0,5.0,1.0,21.0,4.0,1000,1000,glucose=100 (Bao 2011 harmonized),"Bao 2011 Table 1 is already on the glucose=100 response scale. For earlier white-bread=100 scores, conversion to glucose=100 divides GS by (100/70) and FII by (100/73), equivalently multiplying by 0.70 and 0.73 respectively. This note corrects the previous reconstruction metadata only. Do not transform the already harmonized numerical Table 1 values again.",Bao et al. 2011 AJCN 93:984–996,Table 1,989,109,10.3945/ajcn.110.005033,
BAO2011-110,Bao 2011 published 121,Protein-rich foods,"Chicken, fried in olive oil, with skin, cooked (Australia)","Chicken, fried in olive oil, with skin, cooked (Australia)",2001,94,23,17,0,0,0,0,0,5.0,1.0,19.0,4.0,1000,1000,glucose=100 (Bao 2011 harmonized),"Bao 2011 Table 1 is already on the glucose=100 response scale. For earlier white-bread=100 scores, conversion to glucose=100 divides GS by (100/70) and FII by (100/73), equivalently multiplying by 0.70 and 0.73 respectively. This note corrects the previous reconstruction metadata only. Do not transform the already harmonized numerical Table 1 values again.",Bao et al. 2011 AJCN 93:984–996,Table 1,989,110,10.3945/ajcn.110.005033,
BAO2011-111,Bao 2011 published 121,Protein-rich foods,"Tuna, canned in oil, drained (Coles Farmland)","Tuna, canned in oil, drained (Coles Farmland)",2003,135,24,15,2,1,0,0,0,4.0,1.0,16.0,2.0,1000,1000,glucose=100 (Bao 2011 harmonized),"Bao 2011 Table 1 is already on the glucose=100 response scale. For earlier white-bread=100 scores, conversion to glucose=100 divides GS by (100/70) and FII by (100/73), equivalently multiplying by 0.70 and 0.73 respectively. This note corrects the previous reconstruction metadata only. Do not transform the already harmonized numerical Table 1 values again.",Bao et al. 2011 AJCN 93:984–996,Table 1,989,111,10.3945/ajcn.110.005033,
BAO2011-112,Bao 2011 published 121,Protein-rich foods,"Bacon (Premium Short Cut Bacon; Primo Smallgoods, Chullora, Australia)","Bacon (Premium Short Cut Bacon; Primo Smallgoods, Chullora, Australia)",2007,106,16,19,1,1,0,0,0,3.0,1.0,9.0,2.0,1000,1000,glucose=100 (Bao 2011 harmonized),"Bao 2011 Table 1 is already on the glucose=100 response scale. For earlier white-bread=100 scores, conversion to glucose=100 divides GS by (100/70) and FII by (100/73), equivalently multiplying by 0.70 and 0.73 respectively. This note corrects the previous reconstruction metadata only. Do not transform the already harmonized numerical Table 1 values again.",Bao et al. 2011 AJCN 93:984–996,Table 1,989,112,10.3945/ajcn.110.005033,
BAO2011-113,Bao 2011 published 121,Protein-rich foods,"Roast chicken without skin (Woolworth Inc, Australia)","Roast chicken without skin (Woolworth Inc, Australia)",2005,113,31,13,0,0,0,0,0,1.0,1.0,17.0,4.0,1000,1000,glucose=100 (Bao 2011 harmonized),"Bao 2011 Table 1 is already on the glucose=100 response scale. For earlier white-bread=100 scores, conversion to glucose=100 divides GS by (100/70) and FII by (100/73), equivalently multiplying by 0.70 and 0.73 respectively. This note corrects the previous reconstruction metadata only. Do not transform the already harmonized numerical Table 1 values again.",Bao et al. 2011 AJCN 93:984–996,Table 1,989,113,10.3945/ajcn.110.005033,
BAO2011-114,Bao 2011 published 121,Fat-rich foods,"Walnuts (Lucky California, Sydney, Australia)","Walnuts (Lucky California, Sydney, Australia)",2003,35,6,23,1,1,3,0,0,4.0,1.0,5.0,1.0,1000,1000,glucose=100 (Bao 2011 harmonized),"Bao 2011 Table 1 is already on the glucose=100 response scale. For earlier white-bread=100 scores, conversion to glucose=100 divides GS by (100/70) and FII by (100/73), equivalently multiplying by 0.70 and 0.73 respectively. This note corrects the previous reconstruction metadata only. Do not transform the already harmonized numerical Table 1 values again.",Bao et al. 2011 AJCN 93:984–996,Table 1,989,114,10.3945/ajcn.110.005033,
BAO2011-115,Bao 2011 published 121,Fat-rich foods,"Butter (Western Star Original; Mt Waverley, Australia)","Butter (Western Star Original; Mt Waverley, Australia)",2007,33,0,27,0,0,0,0,0,2.0,1.0,2.0,1.0,1000,1000,glucose=100 (Bao 2011 harmonized),"Bao 2011 Table 1 is already on the glucose=100 response scale. For earlier white-bread=100 scores, conversion to glucose=100 divides GS by (100/70) and FII by (100/73), equivalently multiplying by 0.70 and 0.73 respectively. This note corrects the previous reconstruction metadata only. Do not transform the already harmonized numerical Table 1 values again.",Bao et al. 2011 AJCN 93:984–996,Table 1,989,115,10.3945/ajcn.110.005033,
BAO2011-116,Bao 2011 published 121,Fat-rich foods,Olive oil (Australia),Olive oil (Australia),2005,27,0,27,0,0,0,0,0,1.0,0.0,3.0,1.0,1000,1000,glucose=100 (Bao 2011 harmonized),"Bao 2011 Table 1 is already on the glucose=100 response scale. For earlier white-bread=100 scores, conversion to glucose=100 divides GS by (100/70) and FII by (100/73), equivalently multiplying by 0.70 and 0.73 respectively. This note corrects the previous reconstruction metadata only. Do not transform the already harmonized numerical Table 1 values again.",Bao et al. 2011 AJCN 93:984–996,Table 1,989,116,10.3945/ajcn.110.005033,
BAO2011-117,Bao 2011 published 121,Beverages,"Fruit punch (Fruity Flavorits Orange Mango Fruit drink; Frosts Food & Beverage Pty Ltd, Singapore)","Fruit punch (Fruity Flavorits Orange Mango Fruit drink; Frosts Food & Beverage Pty Ltd, Singapore)",2007,833,1,0,58,58,0,67,39,67.0,7.0,76.0,10.0,1000,1000,glucose=100 (Bao 2011 harmonized),"Bao 2011 Table 1 is already on the glucose=100 response scale. For earlier white-bread=100 scores, conversion to glucose=100 divides GS by (100/70) and FII by (100/73), equivalently multiplying by 0.70 and 0.73 respectively. This note corrects the previous reconstruction metadata only. Do not transform the already harmonized numerical Table 1 values again.",Bao et al. 2011 AJCN 93:984–996,Table 1,990,117,10.3945/ajcn.110.005033,
BAO2011-118,Bao 2011 published 121,Beverages,"Ice tea (Narkena Ltd, Sefton, Australia)","Ice tea (Narkena Ltd, Sefton, Australia)",2006,622,0,0,59,59,0,59,35,59.0,7.0,69.0,9.0,1000,1000,glucose=100 (Bao 2011 harmonized),"Bao 2011 Table 1 is already on the glucose=100 response scale. For earlier white-bread=100 scores, conversion to glucose=100 divides GS by (100/70) and FII by (100/73), equivalently multiplying by 0.70 and 0.73 respectively. This note corrects the previous reconstruction metadata only. Do not transform the already harmonized numerical Table 1 values again.",Bao et al. 2011 AJCN 93:984–996,Table 1,990,118,10.3945/ajcn.110.005033,
BAO2011-119,Bao 2011 published 121,Beverages,"Coca-Cola (Coca-Cola Amatil Inc, Sefton, Australia)","Coca-Cola (Coca-Cola Amatil Inc, Sefton, Australia)",1999,595,0,0,59,59,0,53,31,50.0,5.0,44.0,3.0,1000,1000,glucose=100 (Bao 2011 harmonized),"Bao 2011 Table 1 is already on the glucose=100 response scale. For earlier white-bread=100 scores, conversion to glucose=100 divides GS by (100/70) and FII by (100/73), equivalently multiplying by 0.70 and 0.73 respectively. This note corrects the previous reconstruction metadata only. Do not transform the already harmonized numerical Table 1 values again.",Bao et al. 2011 AJCN 93:984–996,Table 1,990,119,10.3945/ajcn.110.005033,
BAO2011-120,Bao 2011 published 121,Beverages,"Beer, 4.9% alcohol (Budweiser, Pyrmont, NSW, Australia)","Beer, 4.9% alcohol (Budweiser, Pyrmont, NSW, Australia)",2001,671,2,0,13,0,0,66,9,41.0,8.0,20.0,4.0,1000,1000,glucose=100 (Bao 2011 harmonized),"Bao 2011 Table 1 is already on the glucose=100 response scale. For earlier white-bread=100 scores, conversion to glucose=100 divides GS by (100/70) and FII by (100/73), equivalently multiplying by 0.70 and 0.73 respectively. This note corrects the previous reconstruction metadata only. Do not transform the already harmonized numerical Table 1 values again.",Bao et al. 2011 AJCN 93:984–996,Table 1,990,120,10.3945/ajcn.110.005033,
BAO2011-121,Bao 2011 published 121,Beverages,"Gin, 40% alcohol (Australia)","Gin, 40% alcohol (Australia)",2001,111,0,0,0,0,0,0,0,7.0,4.0,1.0,1.0,1000,1000,glucose=100 (Bao 2011 harmonized),"Bao 2011 Table 1 is already on the glucose=100 response scale. For earlier white-bread=100 scores, conversion to glucose=100 divides GS by (100/70) and FII by (100/73), equivalently multiplying by 0.70 and 0.73 respectively. This note corrects the previous reconstruction metadata only. Do not transform the already harmonized numerical Table 1 values again.",Bao et al. 2011 AJCN 93:984–996,Table 1,990,121,10.3945/ajcn.110.005033,
BAO2011-122,Bao 2011 published 121,Beverages,"White wine, 11% alcohol (Australia)","White wine, 11% alcohol (Australia)",2001,362,1,0,1,0,0,0,0,5.0,2.0,3.0,1.0,1000,1000,glucose=100 (Bao 2011 harmonized),"Bao 2011 Table 1 is already on the glucose=100 response scale. For earlier white-bread=100 scores, conversion to glucose=100 divides GS by (100/70) and FII by (100/73), equivalently multiplying by 0.70 and 0.73 respectively. This note corrects the previous reconstruction metadata only. Do not transform the already harmonized numerical Table 1 values again.",Bao et al. 2011 AJCN 93:984–996,Table 1,990,122,10.3945/ajcn.110.005033,
BELL2016-S1-001,Bell 2016 added 26,Vegetables and legumes,"Peas, steamed from frozen (McCains) *","Peas, steamed from frozen (McCains)",2011,333,17,1,21,7,22,22,5,40.0,10.0,37.0,8.0,1000,300,glucose=100,Direct Bell 2016 supplement value; starred foods were tested as 300-kJ portions against 300-kJ glucose although composition is reported per 1 MJ.,Bell et al. 2016 Nutrients 8:210 Supplementary Table S1,Table S1,S1,1,10.3390/nu8040210,* Tested in 300-kJ portion and GS/FII determined against 300-kJ glucose.
BELL2016-S1-002,Bell 2016 added 26,Vegetables and legumes,"Carrots, peeled and steamed (Australia) *","Carrots, peeled and steamed (Australia)",2011,775,9,2,32,29,33,33,14,35.0,5.0,44.0,7.0,1000,300,glucose=100,Direct Bell 2016 supplement value; starred foods were tested as 300-kJ portions against 300-kJ glucose although composition is reported per 1 MJ.,Bell et al. 2016 Nutrients 8:210 Supplementary Table S1,Table S1,S1,2,10.3390/nu8040210,* Tested in 300-kJ portion and GS/FII determined against 300-kJ glucose.
BELL2016-S1-003,Bell 2016 added 26,Vegetables and legumes,"Broccoli, steamed (Australia) *","Broccoli, steamed (Australia)",2011,877,4,4,11,11,25,,,16.0,5.0,29.0,8.0,1000,300,glucose=100,Direct Bell 2016 supplement value; starred foods were tested as 300-kJ portions against 300-kJ glucose although composition is reported per 1 MJ.,Bell et al. 2016 Nutrients 8:210 Supplementary Table S1,Table S1,S1,3,10.3390/nu8040210,* Tested in 300-kJ portion and GS/FII determined against 300-kJ glucose.
BELL2016-S1-004,Bell 2016 added 26,Vegetables and legumes,"Cauliflower, steamed (Australia) *","Cauliflower, steamed (Australia)",2011,971,21,2,19,19,27,,,31.0,7.0,48.0,9.0,1000,300,glucose=100,Direct Bell 2016 supplement value; starred foods were tested as 300-kJ portions against 300-kJ glucose although composition is reported per 1 MJ.,Bell et al. 2016 Nutrients 8:210 Supplementary Table S1,Table S1,S1,4,10.3390/nu8040210,* Tested in 300-kJ portion and GS/FII determined against 300-kJ glucose.
BELL2016-S1-005,Bell 2016 added 26,Vegetables and legumes,"Sweet Potato, orange, peeled and steamed (Australia) *","Sweet Potato, orange, peeled and steamed (Australia)",2011,313,6,0,48,19,10,61,29,100.0,11.0,96.0,14.0,1000,300,glucose=100,Direct Bell 2016 supplement value; starred foods were tested as 300-kJ portions against 300-kJ glucose although composition is reported per 1 MJ.,Bell et al. 2016 Nutrients 8:210 Supplementary Table S1,Table S1,S1,5,10.3390/nu8040210,* Tested in 300-kJ portion and GS/FII determined against 300-kJ glucose.
BELL2016-S1-006,Bell 2016 added 26,Vegetables and legumes,"Butternut pumpkin, baked (Australia) *","Butternut pumpkin, baked (Australia)",2011,431,3,11,37,28,21,51,19,64.0,15.0,77.0,16.0,1000,300,glucose=100,Direct Bell 2016 supplement value; starred foods were tested as 300-kJ portions against 300-kJ glucose although composition is reported per 1 MJ.,Bell et al. 2016 Nutrients 8:210 Supplementary Table S1,Table S1,S1,6,10.3390/nu8040210,* Tested in 300-kJ portion and GS/FII determined against 300-kJ glucose.
BELL2016-S1-007,Bell 2016 added 26,Vegetables and legumes,4 Bean Mix (Edgells),4 Bean Mix (Edgells),2013,201,16,6,33,5,16,37,12,31.0,12.0,34.0,14.0,1000,1000,glucose=100,Direct Bell 2016 supplement value on glucose-reference scale.,Bell et al. 2016 Nutrients 8:210 Supplementary Table S1,Table S1,S1,7,10.3390/nu8040210,
BELL2016-S1-008,Bell 2016 added 26,Fruits,"Peach, raw (Australia)","Peach, raw (Australia)",2011,565,7,1,51,46,13,56,29,53.0,17.0,39.0,18.0,1000,1000,glucose=100,Direct Bell 2016 supplement value on glucose-reference scale.,Bell et al. 2016 Nutrients 8:210 Supplementary Table S1,Table S1,S1,8,10.3390/nu8040210,
BELL2016-S1-009,Bell 2016 added 26,Dairy products,Chocolate milk (Moove),Chocolate milk (Moove),2013,341,19,6,35,34,0,26,9,46.0,17.0,46.0,23.0,1000,1000,glucose=100,Direct Bell 2016 supplement value on glucose-reference scale.,Bell et al. 2016 Nutrients 8:210 Supplementary Table S1,Table S1,S1,9,10.3390/nu8040210,
BELL2016-S1-010,Bell 2016 added 26,Dairy products,"Yoghurt, plain (Dairy Farmers)","Yoghurt, plain (Dairy Farmers)",2013,213,10,7,34,33,0,18,6,22.0,14.0,46.0,19.0,1000,1000,glucose=100,Direct Bell 2016 supplement value on glucose-reference scale.,Bell et al. 2016 Nutrients 8:210 Supplementary Table S1,Table S1,S1,10,10.3390/nu8040210,
BELL2016-S1-011,Bell 2016 added 26,Dairy products,Brie Cheese (Coles),Brie Cheese (Coles),2013,65,11,21,1,1,0,,,3.0,5.0,7.0,5.0,1000,1000,glucose=100,Direct Bell 2016 supplement value on glucose-reference scale.,Bell et al. 2016 Nutrients 8:210 Supplementary Table S1,Table S1,S1,11,10.3390/nu8040210,
BELL2016-S1-012,Bell 2016 added 26,Dairy products,Custard (Dairy Farmers),Custard (Dairy Farmers),2013,233,10,6,36,32,0,29,10,32.0,10.0,57.0,36.0,1000,1000,glucose=100,Direct Bell 2016 supplement value on glucose-reference scale.,Bell et al. 2016 Nutrients 8:210 Supplementary Table S1,Table S1,S1,12,10.3390/nu8040210,
BELL2016-S1-013,Bell 2016 added 26,Dairy products,Cream (Dairy Farmers),Cream (Dairy Farmers),2013,72,2,25,2,2,0,,,1.0,1.0,8.0,8.0,1000,1000,glucose=100,Direct Bell 2016 supplement value on glucose-reference scale.,Bell et al. 2016 Nutrients 8:210 Supplementary Table S1,Table S1,S1,13,10.3390/nu8040210,
BELL2016-S1-014,Bell 2016 added 26,Protein foods,"Lamb, grilled","Lamb, grilled",2013,136,38,10,0,0,0,,,6.0,4.0,41.0,19.0,1000,1000,glucose=100,Direct Bell 2016 supplement value on glucose-reference scale.,Bell et al. 2016 Nutrients 8:210 Supplementary Table S1,Table S1,S1,14,10.3390/nu8040210,
BELL2016-S1-015,Bell 2016 added 26,Protein foods,"Pork, grilled","Pork, grilled",2013,239,53,3,0,0,0,,,3.0,3.0,19.0,10.0,1000,1000,glucose=100,Direct Bell 2016 supplement value on glucose-reference scale.,Bell et al. 2016 Nutrients 8:210 Supplementary Table S1,Table S1,S1,15,10.3390/nu8040210,
BELL2016-S1-016,Bell 2016 added 26,Protein foods,"Ham, shaved (Coles)","Ham, shaved (Coles)",2013,213,34,11,0,0,0,,,10.0,6.0,19.0,11.0,1000,1000,glucose=100,Direct Bell 2016 supplement value on glucose-reference scale.,Bell et al. 2016 Nutrients 8:210 Supplementary Table S1,Table S1,S2,16,10.3390/nu8040210,
BELL2016-S1-017,Bell 2016 added 26,Protein foods,"Beef sausage, thin, grilled (Coles)","Beef sausage, thin, grilled (Coles)",2013,106,14,19,35,0,0,,,5.0,5.0,7.0,9.0,1000,1000,glucose=100,Direct Bell 2016 supplement value on glucose-reference scale.,Bell et al. 2016 Nutrients 8:210 Supplementary Table S1,Table S1,S2,17,10.3390/nu8040210,
BELL2016-S1-018,Bell 2016 added 26,Protein foods,Beef meat pie (Four’n’Twenty),Beef meat pie (Four’n’Twenty),2013,104,10,12,23,0,,,,31.0,10.0,41.0,19.0,1000,1000,glucose=100,Direct Bell 2016 supplement value on glucose-reference scale.,Bell et al. 2016 Nutrients 8:210 Supplementary Table S1,Table S1,S2,18,10.3390/nu8040210,
BELL2016-S1-019,Bell 2016 added 26,Protein foods,Chicken nuggets (Ingham),Chicken nuggets (Ingham),2013,99,18,13,18,1,,46,8,29.0,8.0,41.0,26.0,1000,1000,glucose=100,Direct Bell 2016 supplement value on glucose-reference scale.,Bell et al. 2016 Nutrients 8:210 Supplementary Table S1,Table S1,S2,19,10.3390/nu8040210,
BELL2016-S1-020,Bell 2016 added 26,Protein foods,"Sushi, chicken roll (I Love Sushi)","Sushi, chicken roll (I Love Sushi)",2013,160,19,4,37,5,,48,18,59.0,12.0,48.0,23.0,1000,1000,glucose=100,Direct Bell 2016 supplement value on glucose-reference scale.,Bell et al. 2016 Nutrients 8:210 Supplementary Table S1,Table S1,S2,20,10.3390/nu8040210,
BELL2016-S1-021,Bell 2016 added 26,Carbohydrate foods,Weetbix (Sanitarium),Weetbix (Sanitarium),2013,67,8,1,45,2,7,69,31,48.0,19.0,41.0,16.0,1000,1000,glucose=100,Direct Bell 2016 supplement value on glucose-reference scale.,Bell et al. 2016 Nutrients 8:210 Supplementary Table S1,Table S1,S2,21,10.3390/nu8040210,
BELL2016-S1-022,Bell 2016 added 26,Carbohydrate foods,"Plain Biscuit, Arrowroot (Arnotts)","Plain Biscuit, Arrowroot (Arnotts)",2013,54,3,6,42,12,0,69,29,58.0,14.0,48.0,20.0,1000,1000,glucose=100,Direct Bell 2016 supplement value on glucose-reference scale.,Bell et al. 2016 Nutrients 8:210 Supplementary Table S1,Table S1,S2,22,10.3390/nu8040210,
BELL2016-S1-023,Bell 2016 added 26,Carbohydrate foods,Tim Tam (Arnotts),Tim Tam (Arnotts),2013,46,2,12,30,20,0,,,32.0,11.0,27.0,15.0,1000,1000,glucose=100,Direct Bell 2016 supplement value on glucose-reference scale.,Bell et al. 2016 Nutrients 8:210 Supplementary Table S1,Table S1,S2,23,10.3390/nu8040210,
BELL2016-S1-024,Bell 2016 added 26,Carbohydrate foods,Hokkien Noodles (Kan Tong),Hokkien Noodles (Kan Tong),2013,149,10,1,47,0,0,,,43.0,25.0,22.0,9.0,1000,1000,glucose=100,Direct Bell 2016 supplement value on glucose-reference scale.,Bell et al. 2016 Nutrients 8:210 Supplementary Table S1,Table S1,S2,24,10.3390/nu8040210,
BELL2016-S1-025,Bell 2016 added 26,Carbohydrate foods,Couscous (San Remo),Couscous (San Remo),2013,67,8,1,48,0,2,65,31,66.0,23.0,84.0,43.0,1000,1000,glucose=100,Direct Bell 2016 supplement value on glucose-reference scale.,Bell et al. 2016 Nutrients 8:210 Supplementary Table S1,Table S1,S2,25,10.3390/nu8040210,
BELL2016-S1-026,Bell 2016 added 26,Carbohydrate foods,Butter chicken sauce (Sharwood’s),Butter chicken sauce (Sharwood’s),2013,209,3,16,21,9,0,,,22.0,9.0,16.0,7.0,1000,1000,glucose=100,Direct Bell 2016 supplement value on glucose-reference scale.,Bell et al. 2016 Nutrients 8:210 Supplementary Table S1,Table S1,S2,26,10.3390/nu8040210,
