catalog_version,source_record_id,use,status,reasons
r2_sha256_6db5357ae368981b1e2781a2a2402d60d63850e7b59c63e757b654a39bdc51d9,BAO2011-002,composition_energy,candidate,source_field_present
r2_sha256_6db5357ae368981b1e2781a2a2402d60d63850e7b59c63e757b654a39bdc51d9,BAO2011-002,experimental_fii_input,candidate,attributed_glucose_reference_1000_kj
r2_sha256_6db5357ae368981b1e2781a2a2402d60d63850e7b59c63e757b654a39bdc51d9,BAO2011-002,fibre_context,candidate,source_field_present
r2_sha256_6db5357ae368981b1e2781a2a2402d60d63850e7b59c63e757b654a39bdc51d9,BAO2011-002,gi_gl_calculation,candidate,source_field_present
r2_sha256_6db5357ae368981b1e2781a2a2402d60d63850e7b59c63e757b654a39bdc51d9,BAO2011-003,composition_energy,candidate,source_field_present
r2_sha256_6db5357ae368981b1e2781a2a2402d60d63850e7b59c63e757b654a39bdc51d9,BAO2011-003,experimental_fii_input,candidate,attributed_glucose_reference_1000_kj
r2_sha256_6db5357ae368981b1e2781a2a2402d60d63850e7b59c63e757b654a39bdc51d9,BAO2011-003,fibre_context,candidate,source_field_present
r2_sha256_6db5357ae368981b1e2781a2a2402d60d63850e7b59c63e757b654a39bdc51d9,BAO2011-003,gi_gl_calculation,candidate,source_field_present
r2_sha256_6db5357ae368981b1e2781a2a2402d60d63850e7b59c63e757b654a39bdc51d9,BAO2011-004,composition_energy,candidate,source_field_present
r2_sha256_6db5357ae368981b1e2781a2a2402d60d63850e7b59c63e757b654a39bdc51d9,BAO2011-004,experimental_fii_input,candidate,attributed_glucose_reference_1000_kj
r2_sha256_6db5357ae368981b1e2781a2a2402d60d63850e7b59c63e757b654a39bdc51d9,BAO2011-004,fibre_context,candidate,source_field_present
r2_sha256_6db5357ae368981b1e2781a2a2402d60d63850e7b59c63e757b654a39bdc51d9,BAO2011-004,gi_gl_calculation,candidate,source_field_present
r2_sha256_6db5357ae368981b1e2781a2a2402d60d63850e7b59c63e757b654a39bdc51d9,BAO2011-005,composition_energy,candidate,source_field_present
r2_sha256_6db5357ae368981b1e2781a2a2402d60d63850e7b59c63e757b654a39bdc51d9,BAO2011-005,experimental_fii_input,candidate,attributed_glucose_reference_1000_kj
r2_sha256_6db5357ae368981b1e2781a2a2402d60d63850e7b59c63e757b654a39bdc51d9,BAO2011-005,fibre_context,candidate,source_field_present
r2_sha256_6db5357ae368981b1e2781a2a2402d60d63850e7b59c63e757b654a39bdc51d9,BAO2011-005,gi_gl_calculation,candidate,source_field_present
r2_sha256_6db5357ae368981b1e2781a2a2402d60d63850e7b59c63e757b654a39bdc51d9,BAO2011-006,composition_energy,candidate,source_field_present
r2_sha256_6db5357ae368981b1e2781a2a2402d60d63850e7b59c63e757b654a39bdc51d9,BAO2011-006,experimental_fii_input,candidate,attributed_glucose_reference_1000_kj
r2_sha256_6db5357ae368981b1e2781a2a2402d60d63850e7b59c63e757b654a39bdc51d9,BAO2011-006,fibre_context,candidate,source_field_present
r2_sha256_6db5357ae368981b1e2781a2a2402d60d63850e7b59c63e757b654a39bdc51d9,BAO2011-006,gi_gl_calculation,candidate,source_field_present
r2_sha256_6db5357ae368981b1e2781a2a2402d60d63850e7b59c63e757b654a39bdc51d9,BAO2011-007,composition_energy,candidate,source_field_present
r2_sha256_6db5357ae368981b1e2781a2a2402d60d63850e7b59c63e757b654a39bdc51d9,BAO2011-007,experimental_fii_input,candidate,attributed_glucose_reference_1000_kj
r2_sha256_6db5357ae368981b1e2781a2a2402d60d63850e7b59c63e757b654a39bdc51d9,BAO2011-007,fibre_context,candidate,source_field_present
r2_sha256_6db5357ae368981b1e2781a2a2402d60d63850e7b59c63e757b654a39bdc51d9,BAO2011-007,gi_gl_calculation,candidate,source_field_present
r2_sha256_6db5357ae368981b1e2781a2a2402d60d63850e7b59c63e757b654a39bdc51d9,BAO2011-008,composition_energy,candidate,source_field_present
r2_sha256_6db5357ae368981b1e2781a2a2402d60d63850e7b59c63e757b654a39bdc51d9,BAO2011-008,experimental_fii_input,candidate,attributed_glucose_reference_1000_kj
r2_sha256_6db5357ae368981b1e2781a2a2402d60d63850e7b59c63e757b654a39bdc51d9,BAO2011-008,fibre_context,candidate,source_field_present
r2_sha256_6db5357ae368981b1e2781a2a2402d60d63850e7b59c63e757b654a39bdc51d9,BAO2011-008,gi_gl_calculation,candidate,source_field_present
r2_sha256_6db5357ae368981b1e2781a2a2402d60d63850e7b59c63e757b654a39bdc51d9,BAO2011-009,composition_energy,candidate,source_field_present
r2_sha256_6db5357ae368981b1e2781a2a2402d60d63850e7b59c63e757b654a39bdc51d9,BAO2011-009,experimental_fii_input,candidate,attributed_glucose_reference_1000_kj
r2_sha256_6db5357ae368981b1e2781a2a2402d60d63850e7b59c63e757b654a39bdc51d9,BAO2011-009,fibre_context,candidate,source_field_present
r2_sha256_6db5357ae368981b1e2781a2a2402d60d63850e7b59c63e757b654a39bdc51d9,BAO2011-009,gi_gl_calculation,candidate,source_field_present
r2_sha256_6db5357ae368981b1e2781a2a2402d60d63850e7b59c63e757b654a39bdc51d9,BAO2011-010,composition_energy,candidate,source_field_present
r2_sha256_6db5357ae368981b1e2781a2a2402d60d63850e7b59c63e757b654a39bdc51d9,BAO2011-010,experimental_fii_input,candidate,attributed_glucose_reference_1000_kj
r2_sha256_6db5357ae368981b1e2781a2a2402d60d63850e7b59c63e757b654a39bdc51d9,BAO2011-010,fibre_context,candidate,source_field_present
r2_sha256_6db5357ae368981b1e2781a2a2402d60d63850e7b59c63e757b654a39bdc51d9,BAO2011-010,gi_gl_calculation,candidate,source_field_present
r2_sha256_6db5357ae368981b1e2781a2a2402d60d63850e7b59c63e757b654a39bdc51d9,BAO2011-011,composition_energy,candidate,source_field_present
r2_sha256_6db5357ae368981b1e2781a2a2402d60d63850e7b59c63e757b654a39bdc51d9,BAO2011-011,experimental_fii_input,candidate,attributed_glucose_reference_1000_kj
r2_sha256_6db5357ae368981b1e2781a2a2402d60d63850e7b59c63e757b654a39bdc51d9,BAO2011-011,fibre_context,candidate,source_field_present
r2_sha256_6db5357ae368981b1e2781a2a2402d60d63850e7b59c63e757b654a39bdc51d9,BAO2011-011,gi_gl_calculation,candidate,source_field_present
r2_sha256_6db5357ae368981b1e2781a2a2402d60d63850e7b59c63e757b654a39bdc51d9,BAO2011-012,composition_energy,candidate,source_field_present
r2_sha256_6db5357ae368981b1e2781a2a2402d60d63850e7b59c63e757b654a39bdc51d9,BAO2011-012,experimental_fii_input,candidate,attributed_glucose_reference_1000_kj
r2_sha256_6db5357ae368981b1e2781a2a2402d60d63850e7b59c63e757b654a39bdc51d9,BAO2011-012,fibre_context,candidate,source_field_present
r2_sha256_6db5357ae368981b1e2781a2a2402d60d63850e7b59c63e757b654a39bdc51d9,BAO2011-012,gi_gl_calculation,candidate,source_field_present
r2_sha256_6db5357ae368981b1e2781a2a2402d60d63850e7b59c63e757b654a39bdc51d9,BAO2011-013,composition_energy,candidate,source_field_present
r2_sha256_6db5357ae368981b1e2781a2a2402d60d63850e7b59c63e757b654a39bdc51d9,BAO2011-013,experimental_fii_input,candidate,attributed_glucose_reference_1000_kj
r2_sha256_6db5357ae368981b1e2781a2a2402d60d63850e7b59c63e757b654a39bdc51d9,BAO2011-013,fibre_context,candidate,source_field_present
r2_sha256_6db5357ae368981b1e2781a2a2402d60d63850e7b59c63e757b654a39bdc51d9,BAO2011-013,gi_gl_calculation,candidate,source_field_present
r2_sha256_6db5357ae368981b1e2781a2a2402d60d63850e7b59c63e757b654a39bdc51d9,BAO2011-014,composition_energy,candidate,source_field_present
r2_sha256_6db5357ae368981b1e2781a2a2402d60d63850e7b59c63e757b654a39bdc51d9,BAO2011-014,experimental_fii_input,candidate,attributed_glucose_reference_1000_kj
r2_sha256_6db5357ae368981b1e2781a2a2402d60d63850e7b59c63e757b654a39bdc51d9,BAO2011-014,fibre_context,candidate,source_field_present
r2_sha256_6db5357ae368981b1e2781a2a2402d60d63850e7b59c63e757b654a39bdc51d9,BAO2011-014,gi_gl_calculation,candidate,source_field_present
r2_sha256_6db5357ae368981b1e2781a2a2402d60d63850e7b59c63e757b654a39bdc51d9,BAO2011-015,composition_energy,candidate,source_field_present
r2_sha256_6db5357ae368981b1e2781a2a2402d60d63850e7b59c63e757b654a39bdc51d9,BAO2011-015,experimental_fii_input,candidate,attributed_glucose_reference_1000_kj
r2_sha256_6db5357ae368981b1e2781a2a2402d60d63850e7b59c63e757b654a39bdc51d9,BAO2011-015,fibre_context,candidate,source_field_present
r2_sha256_6db5357ae368981b1e2781a2a2402d60d63850e7b59c63e757b654a39bdc51d9,BAO2011-015,gi_gl_calculation,candidate,source_field_present
r2_sha256_6db5357ae368981b1e2781a2a2402d60d63850e7b59c63e757b654a39bdc51d9,BAO2011-016,composition_energy,candidate,source_field_present
r2_sha256_6db5357ae368981b1e2781a2a2402d60d63850e7b59c63e757b654a39bdc51d9,BAO2011-016,experimental_fii_input,candidate,attributed_glucose_reference_1000_kj
r2_sha256_6db5357ae368981b1e2781a2a2402d60d63850e7b59c63e757b654a39bdc51d9,BAO2011-016,fibre_context,candidate,source_field_present
r2_sha256_6db5357ae368981b1e2781a2a2402d60d63850e7b59c63e757b654a39bdc51d9,BAO2011-016,gi_gl_calculation,candidate,source_field_present
r2_sha256_6db5357ae368981b1e2781a2a2402d60d63850e7b59c63e757b654a39bdc51d9,BAO2011-017,composition_energy,candidate,source_field_present
r2_sha256_6db5357ae368981b1e2781a2a2402d60d63850e7b59c63e757b654a39bdc51d9,BAO2011-017,experimental_fii_input,candidate,attributed_glucose_reference_1000_kj
r2_sha256_6db5357ae368981b1e2781a2a2402d60d63850e7b59c63e757b654a39bdc51d9,BAO2011-017,fibre_context,candidate,source_field_present
r2_sha256_6db5357ae368981b1e2781a2a2402d60d63850e7b59c63e757b654a39bdc51d9,BAO2011-017,gi_gl_calculation,candidate,source_field_present
r2_sha256_6db5357ae368981b1e2781a2a2402d60d63850e7b59c63e757b654a39bdc51d9,BAO2011-018,composition_energy,candidate,source_field_present
r2_sha256_6db5357ae368981b1e2781a2a2402d60d63850e7b59c63e757b654a39bdc51d9,BAO2011-018,experimental_fii_input,candidate,attributed_glucose_reference_1000_kj
r2_sha256_6db5357ae368981b1e2781a2a2402d60d63850e7b59c63e757b654a39bdc51d9,BAO2011-018,fibre_context,candidate,source_field_present
r2_sha256_6db5357ae368981b1e2781a2a2402d60d63850e7b59c63e757b654a39bdc51d9,BAO2011-018,gi_gl_calculation,candidate,source_field_present
r2_sha256_6db5357ae368981b1e2781a2a2402d60d63850e7b59c63e757b654a39bdc51d9,BAO2011-019,composition_energy,candidate,source_field_present
r2_sha256_6db5357ae368981b1e2781a2a2402d60d63850e7b59c63e757b654a39bdc51d9,BAO2011-019,experimental_fii_input,candidate,attributed_glucose_reference_1000_kj
r2_sha256_6db5357ae368981b1e2781a2a2402d60d63850e7b59c63e757b654a39bdc51d9,BAO2011-019,fibre_context,candidate,source_field_present
r2_sha256_6db5357ae368981b1e2781a2a2402d60d63850e7b59c63e757b654a39bdc51d9,BAO2011-019,gi_gl_calculation,candidate,source_field_present
r2_sha256_6db5357ae368981b1e2781a2a2402d60d63850e7b59c63e757b654a39bdc51d9,BAO2011-020,composition_energy,candidate,source_field_present
r2_sha256_6db5357ae368981b1e2781a2a2402d60d63850e7b59c63e757b654a39bdc51d9,BAO2011-020,experimental_fii_input,candidate,attributed_glucose_reference_1000_kj
r2_sha256_6db5357ae368981b1e2781a2a2402d60d63850e7b59c63e757b654a39bdc51d9,BAO2011-020,fibre_context,candidate,source_field_present
r2_sha256_6db5357ae368981b1e2781a2a2402d60d63850e7b59c63e757b654a39bdc51d9,BAO2011-020,gi_gl_calculation,candidate,source_field_present
r2_sha256_6db5357ae368981b1e2781a2a2402d60d63850e7b59c63e757b654a39bdc51d9,BAO2011-021,composition_energy,candidate,source_field_present
r2_sha256_6db5357ae368981b1e2781a2a2402d60d63850e7b59c63e757b654a39bdc51d9,BAO2011-021,experimental_fii_input,candidate,attributed_glucose_reference_1000_kj
r2_sha256_6db5357ae368981b1e2781a2a2402d60d63850e7b59c63e757b654a39bdc51d9,BAO2011-021,fibre_context,candidate,source_field_present
r2_sha256_6db5357ae368981b1e2781a2a2402d60d63850e7b59c63e757b654a39bdc51d9,BAO2011-021,gi_gl_calculation,candidate,source_field_present
r2_sha256_6db5357ae368981b1e2781a2a2402d60d63850e7b59c63e757b654a39bdc51d9,BAO2011-022,composition_energy,candidate,source_field_present
r2_sha256_6db5357ae368981b1e2781a2a2402d60d63850e7b59c63e757b654a39bdc51d9,BAO2011-022,experimental_fii_input,candidate,attributed_glucose_reference_1000_kj
r2_sha256_6db5357ae368981b1e2781a2a2402d60d63850e7b59c63e757b654a39bdc51d9,BAO2011-022,fibre_context,candidate,source_field_present
r2_sha256_6db5357ae368981b1e2781a2a2402d60d63850e7b59c63e757b654a39bdc51d9,BAO2011-022,gi_gl_calculation,candidate,source_field_present
r2_sha256_6db5357ae368981b1e2781a2a2402d60d63850e7b59c63e757b654a39bdc51d9,BAO2011-023,composition_energy,candidate,source_field_present
r2_sha256_6db5357ae368981b1e2781a2a2402d60d63850e7b59c63e757b654a39bdc51d9,BAO2011-023,experimental_fii_input,candidate,attributed_glucose_reference_1000_kj
r2_sha256_6db5357ae368981b1e2781a2a2402d60d63850e7b59c63e757b654a39bdc51d9,BAO2011-023,fibre_context,candidate,source_field_present
r2_sha256_6db5357ae368981b1e2781a2a2402d60d63850e7b59c63e757b654a39bdc51d9,BAO2011-023,gi_gl_calculation,candidate,source_field_present
r2_sha256_6db5357ae368981b1e2781a2a2402d60d63850e7b59c63e757b654a39bdc51d9,BAO2011-024,composition_energy,candidate,source_field_present
r2_sha256_6db5357ae368981b1e2781a2a2402d60d63850e7b59c63e757b654a39bdc51d9,BAO2011-024,experimental_fii_input,candidate,attributed_glucose_reference_1000_kj
r2_sha256_6db5357ae368981b1e2781a2a2402d60d63850e7b59c63e757b654a39bdc51d9,BAO2011-024,fibre_context,candidate,source_field_present
r2_sha256_6db5357ae368981b1e2781a2a2402d60d63850e7b59c63e757b654a39bdc51d9,BAO2011-024,gi_gl_calculation,candidate,source_field_present
r2_sha256_6db5357ae368981b1e2781a2a2402d60d63850e7b59c63e757b654a39bdc51d9,BAO2011-025,composition_energy,candidate,source_field_present
r2_sha256_6db5357ae368981b1e2781a2a2402d60d63850e7b59c63e757b654a39bdc51d9,BAO2011-025,experimental_fii_input,candidate,attributed_glucose_reference_1000_kj
r2_sha256_6db5357ae368981b1e2781a2a2402d60d63850e7b59c63e757b654a39bdc51d9,BAO2011-025,fibre_context,candidate,source_field_present
r2_sha256_6db5357ae368981b1e2781a2a2402d60d63850e7b59c63e757b654a39bdc51d9,BAO2011-025,gi_gl_calculation,candidate,source_field_present
r2_sha256_6db5357ae368981b1e2781a2a2402d60d63850e7b59c63e757b654a39bdc51d9,BAO2011-026,composition_energy,candidate,source_field_present
r2_sha256_6db5357ae368981b1e2781a2a2402d60d63850e7b59c63e757b654a39bdc51d9,BAO2011-026,experimental_fii_input,candidate,attributed_glucose_reference_1000_kj
r2_sha256_6db5357ae368981b1e2781a2a2402d60d63850e7b59c63e757b654a39bdc51d9,BAO2011-026,fibre_context,candidate,source_field_present
r2_sha256_6db5357ae368981b1e2781a2a2402d60d63850e7b59c63e757b654a39bdc51d9,BAO2011-026,gi_gl_calculation,candidate,source_field_present
r2_sha256_6db5357ae368981b1e2781a2a2402d60d63850e7b59c63e757b654a39bdc51d9,BAO2011-027,composition_energy,candidate,source_field_present
r2_sha256_6db5357ae368981b1e2781a2a2402d60d63850e7b59c63e757b654a39bdc51d9,BAO2011-027,experimental_fii_input,candidate,attributed_glucose_reference_1000_kj
r2_sha256_6db5357ae368981b1e2781a2a2402d60d63850e7b59c63e757b654a39bdc51d9,BAO2011-027,fibre_context,candidate,source_field_present
r2_sha256_6db5357ae368981b1e2781a2a2402d60d63850e7b59c63e757b654a39bdc51d9,BAO2011-027,gi_gl_calculation,candidate,source_field_present
r2_sha256_6db5357ae368981b1e2781a2a2402d60d63850e7b59c63e757b654a39bdc51d9,BAO2011-028,composition_energy,candidate,source_field_present
r2_sha256_6db5357ae368981b1e2781a2a2402d60d63850e7b59c63e757b654a39bdc51d9,BAO2011-028,experimental_fii_input,candidate,attributed_glucose_reference_1000_kj
r2_sha256_6db5357ae368981b1e2781a2a2402d60d63850e7b59c63e757b654a39bdc51d9,BAO2011-028,fibre_context,candidate,source_field_present
r2_sha256_6db5357ae368981b1e2781a2a2402d60d63850e7b59c63e757b654a39bdc51d9,BAO2011-028,gi_gl_calculation,candidate,source_field_present
r2_sha256_6db5357ae368981b1e2781a2a2402d60d63850e7b59c63e757b654a39bdc51d9,BAO2011-029,composition_energy,candidate,source_field_present
r2_sha256_6db5357ae368981b1e2781a2a2402d60d63850e7b59c63e757b654a39bdc51d9,BAO2011-029,experimental_fii_input,candidate,attributed_glucose_reference_1000_kj
r2_sha256_6db5357ae368981b1e2781a2a2402d60d63850e7b59c63e757b654a39bdc51d9,BAO2011-029,fibre_context,candidate,source_field_present
r2_sha256_6db5357ae368981b1e2781a2a2402d60d63850e7b59c63e757b654a39bdc51d9,BAO2011-029,gi_gl_calculation,candidate,source_field_present
r2_sha256_6db5357ae368981b1e2781a2a2402d60d63850e7b59c63e757b654a39bdc51d9,BAO2011-030,composition_energy,candidate,source_field_present
r2_sha256_6db5357ae368981b1e2781a2a2402d60d63850e7b59c63e757b654a39bdc51d9,BAO2011-030,experimental_fii_input,candidate,attributed_glucose_reference_1000_kj
r2_sha256_6db5357ae368981b1e2781a2a2402d60d63850e7b59c63e757b654a39bdc51d9,BAO2011-030,fibre_context,candidate,source_field_present
r2_sha256_6db5357ae368981b1e2781a2a2402d60d63850e7b59c63e757b654a39bdc51d9,BAO2011-030,gi_gl_calculation,candidate,source_field_present
r2_sha256_6db5357ae368981b1e2781a2a2402d60d63850e7b59c63e757b654a39bdc51d9,BAO2011-031,composition_energy,candidate,source_field_present
r2_sha256_6db5357ae368981b1e2781a2a2402d60d63850e7b59c63e757b654a39bdc51d9,BAO2011-031,experimental_fii_input,candidate,attributed_glucose_reference_1000_kj
r2_sha256_6db5357ae368981b1e2781a2a2402d60d63850e7b59c63e757b654a39bdc51d9,BAO2011-031,fibre_context,candidate,source_field_present
r2_sha256_6db5357ae368981b1e2781a2a2402d60d63850e7b59c63e757b654a39bdc51d9,BAO2011-031,gi_gl_calculation,candidate,source_field_present
r2_sha256_6db5357ae368981b1e2781a2a2402d60d63850e7b59c63e757b654a39bdc51d9,BAO2011-032,composition_energy,candidate,source_field_present
r2_sha256_6db5357ae368981b1e2781a2a2402d60d63850e7b59c63e757b654a39bdc51d9,BAO2011-032,experimental_fii_input,candidate,attributed_glucose_reference_1000_kj
r2_sha256_6db5357ae368981b1e2781a2a2402d60d63850e7b59c63e757b654a39bdc51d9,BAO2011-032,fibre_context,candidate,source_field_present
r2_sha256_6db5357ae368981b1e2781a2a2402d60d63850e7b59c63e757b654a39bdc51d9,BAO2011-032,gi_gl_calculation,candidate,source_field_present
r2_sha256_6db5357ae368981b1e2781a2a2402d60d63850e7b59c63e757b654a39bdc51d9,BAO2011-033,composition_energy,candidate,source_field_present
r2_sha256_6db5357ae368981b1e2781a2a2402d60d63850e7b59c63e757b654a39bdc51d9,BAO2011-033,experimental_fii_input,candidate,attributed_glucose_reference_1000_kj
r2_sha256_6db5357ae368981b1e2781a2a2402d60d63850e7b59c63e757b654a39bdc51d9,BAO2011-033,fibre_context,candidate,source_field_present
r2_sha256_6db5357ae368981b1e2781a2a2402d60d63850e7b59c63e757b654a39bdc51d9,BAO2011-033,gi_gl_calculation,candidate,source_field_present
r2_sha256_6db5357ae368981b1e2781a2a2402d60d63850e7b59c63e757b654a39bdc51d9,BAO2011-034,composition_energy,candidate,source_field_present
r2_sha256_6db5357ae368981b1e2781a2a2402d60d63850e7b59c63e757b654a39bdc51d9,BAO2011-034,experimental_fii_input,candidate,attributed_glucose_reference_1000_kj
r2_sha256_6db5357ae368981b1e2781a2a2402d60d63850e7b59c63e757b654a39bdc51d9,BAO2011-034,fibre_context,candidate,source_field_present
r2_sha256_6db5357ae368981b1e2781a2a2402d60d63850e7b59c63e757b654a39bdc51d9,BAO2011-034,gi_gl_calculation,candidate,source_field_present
r2_sha256_6db5357ae368981b1e2781a2a2402d60d63850e7b59c63e757b654a39bdc51d9,BAO2011-035,composition_energy,candidate,source_field_present
r2_sha256_6db5357ae368981b1e2781a2a2402d60d63850e7b59c63e757b654a39bdc51d9,BAO2011-035,experimental_fii_input,candidate,attributed_glucose_reference_1000_kj
r2_sha256_6db5357ae368981b1e2781a2a2402d60d63850e7b59c63e757b654a39bdc51d9,BAO2011-035,fibre_context,candidate,source_field_present
r2_sha256_6db5357ae368981b1e2781a2a2402d60d63850e7b59c63e757b654a39bdc51d9,BAO2011-035,gi_gl_calculation,candidate,source_field_present
r2_sha256_6db5357ae368981b1e2781a2a2402d60d63850e7b59c63e757b654a39bdc51d9,BAO2011-036,composition_energy,candidate,source_field_present
r2_sha256_6db5357ae368981b1e2781a2a2402d60d63850e7b59c63e757b654a39bdc51d9,BAO2011-036,experimental_fii_input,candidate,attributed_glucose_reference_1000_kj
r2_sha256_6db5357ae368981b1e2781a2a2402d60d63850e7b59c63e757b654a39bdc51d9,BAO2011-036,fibre_context,candidate,source_field_present
r2_sha256_6db5357ae368981b1e2781a2a2402d60d63850e7b59c63e757b654a39bdc51d9,BAO2011-036,gi_gl_calculation,candidate,source_field_present
r2_sha256_6db5357ae368981b1e2781a2a2402d60d63850e7b59c63e757b654a39bdc51d9,BAO2011-037,composition_energy,candidate,source_field_present
r2_sha256_6db5357ae368981b1e2781a2a2402d60d63850e7b59c63e757b654a39bdc51d9,BAO2011-037,experimental_fii_input,candidate,attributed_glucose_reference_1000_kj
r2_sha256_6db5357ae368981b1e2781a2a2402d60d63850e7b59c63e757b654a39bdc51d9,BAO2011-037,fibre_context,candidate,source_field_present
r2_sha256_6db5357ae368981b1e2781a2a2402d60d63850e7b59c63e757b654a39bdc51d9,BAO2011-037,gi_gl_calculation,candidate,source_field_present
r2_sha256_6db5357ae368981b1e2781a2a2402d60d63850e7b59c63e757b654a39bdc51d9,BAO2011-038,composition_energy,candidate,source_field_present
r2_sha256_6db5357ae368981b1e2781a2a2402d60d63850e7b59c63e757b654a39bdc51d9,BAO2011-038,experimental_fii_input,candidate,attributed_glucose_reference_1000_kj
r2_sha256_6db5357ae368981b1e2781a2a2402d60d63850e7b59c63e757b654a39bdc51d9,BAO2011-038,fibre_context,candidate,source_field_present
r2_sha256_6db5357ae368981b1e2781a2a2402d60d63850e7b59c63e757b654a39bdc51d9,BAO2011-038,gi_gl_calculation,candidate,source_field_present
r2_sha256_6db5357ae368981b1e2781a2a2402d60d63850e7b59c63e757b654a39bdc51d9,BAO2011-039,composition_energy,candidate,source_field_present
r2_sha256_6db5357ae368981b1e2781a2a2402d60d63850e7b59c63e757b654a39bdc51d9,BAO2011-039,experimental_fii_input,candidate,attributed_glucose_reference_1000_kj
r2_sha256_6db5357ae368981b1e2781a2a2402d60d63850e7b59c63e757b654a39bdc51d9,BAO2011-039,fibre_context,candidate,source_field_present
r2_sha256_6db5357ae368981b1e2781a2a2402d60d63850e7b59c63e757b654a39bdc51d9,BAO2011-039,gi_gl_calculation,candidate,source_field_present
r2_sha256_6db5357ae368981b1e2781a2a2402d60d63850e7b59c63e757b654a39bdc51d9,BAO2011-040,composition_energy,candidate,source_field_present
r2_sha256_6db5357ae368981b1e2781a2a2402d60d63850e7b59c63e757b654a39bdc51d9,BAO2011-040,experimental_fii_input,candidate,attributed_glucose_reference_1000_kj
r2_sha256_6db5357ae368981b1e2781a2a2402d60d63850e7b59c63e757b654a39bdc51d9,BAO2011-040,fibre_context,candidate,source_field_present
r2_sha256_6db5357ae368981b1e2781a2a2402d60d63850e7b59c63e757b654a39bdc51d9,BAO2011-040,gi_gl_calculation,candidate,source_field_present
r2_sha256_6db5357ae368981b1e2781a2a2402d60d63850e7b59c63e757b654a39bdc51d9,BAO2011-041,composition_energy,candidate,source_field_present
r2_sha256_6db5357ae368981b1e2781a2a2402d60d63850e7b59c63e757b654a39bdc51d9,BAO2011-041,experimental_fii_input,candidate,attributed_glucose_reference_1000_kj
r2_sha256_6db5357ae368981b1e2781a2a2402d60d63850e7b59c63e757b654a39bdc51d9,BAO2011-041,fibre_context,candidate,source_field_present
r2_sha256_6db5357ae368981b1e2781a2a2402d60d63850e7b59c63e757b654a39bdc51d9,BAO2011-041,gi_gl_calculation,candidate,source_field_present
r2_sha256_6db5357ae368981b1e2781a2a2402d60d63850e7b59c63e757b654a39bdc51d9,BAO2011-042,composition_energy,candidate,source_field_present
r2_sha256_6db5357ae368981b1e2781a2a2402d60d63850e7b59c63e757b654a39bdc51d9,BAO2011-042,experimental_fii_input,candidate,attributed_glucose_reference_1000_kj
r2_sha256_6db5357ae368981b1e2781a2a2402d60d63850e7b59c63e757b654a39bdc51d9,BAO2011-042,fibre_context,candidate,source_field_present
r2_sha256_6db5357ae368981b1e2781a2a2402d60d63850e7b59c63e757b654a39bdc51d9,BAO2011-042,gi_gl_calculation,candidate,source_field_present
r2_sha256_6db5357ae368981b1e2781a2a2402d60d63850e7b59c63e757b654a39bdc51d9,BAO2011-043,composition_energy,candidate,source_field_present
r2_sha256_6db5357ae368981b1e2781a2a2402d60d63850e7b59c63e757b654a39bdc51d9,BAO2011-043,experimental_fii_input,candidate,attributed_glucose_reference_1000_kj
r2_sha256_6db5357ae368981b1e2781a2a2402d60d63850e7b59c63e757b654a39bdc51d9,BAO2011-043,fibre_context,candidate,source_field_present
r2_sha256_6db5357ae368981b1e2781a2a2402d60d63850e7b59c63e757b654a39bdc51d9,BAO2011-043,gi_gl_calculation,candidate,source_field_present
r2_sha256_6db5357ae368981b1e2781a2a2402d60d63850e7b59c63e757b654a39bdc51d9,BAO2011-044,composition_energy,candidate,source_field_present
r2_sha256_6db5357ae368981b1e2781a2a2402d60d63850e7b59c63e757b654a39bdc51d9,BAO2011-044,experimental_fii_input,candidate,attributed_glucose_reference_1000_kj
r2_sha256_6db5357ae368981b1e2781a2a2402d60d63850e7b59c63e757b654a39bdc51d9,BAO2011-044,fibre_context,candidate,source_field_present
r2_sha256_6db5357ae368981b1e2781a2a2402d60d63850e7b59c63e757b654a39bdc51d9,BAO2011-044,gi_gl_calculation,candidate,source_field_present
r2_sha256_6db5357ae368981b1e2781a2a2402d60d63850e7b59c63e757b654a39bdc51d9,BAO2011-045,composition_energy,candidate,source_field_present
r2_sha256_6db5357ae368981b1e2781a2a2402d60d63850e7b59c63e757b654a39bdc51d9,BAO2011-045,experimental_fii_input,candidate,attributed_glucose_reference_1000_kj
r2_sha256_6db5357ae368981b1e2781a2a2402d60d63850e7b59c63e757b654a39bdc51d9,BAO2011-045,fibre_context,candidate,source_field_present
r2_sha256_6db5357ae368981b1e2781a2a2402d60d63850e7b59c63e757b654a39bdc51d9,BAO2011-045,gi_gl_calculation,candidate,source_field_present
r2_sha256_6db5357ae368981b1e2781a2a2402d60d63850e7b59c63e757b654a39bdc51d9,BAO2011-046,composition_energy,candidate,source_field_present
r2_sha256_6db5357ae368981b1e2781a2a2402d60d63850e7b59c63e757b654a39bdc51d9,BAO2011-046,experimental_fii_input,candidate,attributed_glucose_reference_1000_kj
r2_sha256_6db5357ae368981b1e2781a2a2402d60d63850e7b59c63e757b654a39bdc51d9,BAO2011-046,fibre_context,candidate,source_field_present
r2_sha256_6db5357ae368981b1e2781a2a2402d60d63850e7b59c63e757b654a39bdc51d9,BAO2011-046,gi_gl_calculation,candidate,source_field_present
r2_sha256_6db5357ae368981b1e2781a2a2402d60d63850e7b59c63e757b654a39bdc51d9,BAO2011-047,composition_energy,candidate,source_field_present
r2_sha256_6db5357ae368981b1e2781a2a2402d60d63850e7b59c63e757b654a39bdc51d9,BAO2011-047,experimental_fii_input,candidate,attributed_glucose_reference_1000_kj
r2_sha256_6db5357ae368981b1e2781a2a2402d60d63850e7b59c63e757b654a39bdc51d9,BAO2011-047,fibre_context,candidate,source_field_present
r2_sha256_6db5357ae368981b1e2781a2a2402d60d63850e7b59c63e757b654a39bdc51d9,BAO2011-047,gi_gl_calculation,candidate,source_field_present
r2_sha256_6db5357ae368981b1e2781a2a2402d60d63850e7b59c63e757b654a39bdc51d9,BAO2011-048,composition_energy,candidate,source_field_present
r2_sha256_6db5357ae368981b1e2781a2a2402d60d63850e7b59c63e757b654a39bdc51d9,BAO2011-048,experimental_fii_input,candidate,attributed_glucose_reference_1000_kj
r2_sha256_6db5357ae368981b1e2781a2a2402d60d63850e7b59c63e757b654a39bdc51d9,BAO2011-048,fibre_context,candidate,source_field_present
r2_sha256_6db5357ae368981b1e2781a2a2402d60d63850e7b59c63e757b654a39bdc51d9,BAO2011-048,gi_gl_calculation,candidate,source_field_present
r2_sha256_6db5357ae368981b1e2781a2a2402d60d63850e7b59c63e757b654a39bdc51d9,BAO2011-049,composition_energy,candidate,source_field_present
r2_sha256_6db5357ae368981b1e2781a2a2402d60d63850e7b59c63e757b654a39bdc51d9,BAO2011-049,experimental_fii_input,candidate,attributed_glucose_reference_1000_kj
r2_sha256_6db5357ae368981b1e2781a2a2402d60d63850e7b59c63e757b654a39bdc51d9,BAO2011-049,fibre_context,candidate,source_field_present
r2_sha256_6db5357ae368981b1e2781a2a2402d60d63850e7b59c63e757b654a39bdc51d9,BAO2011-049,gi_gl_calculation,candidate,source_field_present
r2_sha256_6db5357ae368981b1e2781a2a2402d60d63850e7b59c63e757b654a39bdc51d9,BAO2011-050,composition_energy,candidate,source_field_present
r2_sha256_6db5357ae368981b1e2781a2a2402d60d63850e7b59c63e757b654a39bdc51d9,BAO2011-050,experimental_fii_input,candidate,attributed_glucose_reference_1000_kj
r2_sha256_6db5357ae368981b1e2781a2a2402d60d63850e7b59c63e757b654a39bdc51d9,BAO2011-050,fibre_context,candidate,source_field_present
r2_sha256_6db5357ae368981b1e2781a2a2402d60d63850e7b59c63e757b654a39bdc51d9,BAO2011-050,gi_gl_calculation,candidate,source_field_present
r2_sha256_6db5357ae368981b1e2781a2a2402d60d63850e7b59c63e757b654a39bdc51d9,BAO2011-051,composition_energy,candidate,source_field_present
r2_sha256_6db5357ae368981b1e2781a2a2402d60d63850e7b59c63e757b654a39bdc51d9,BAO2011-051,experimental_fii_input,candidate,attributed_glucose_reference_1000_kj
r2_sha256_6db5357ae368981b1e2781a2a2402d60d63850e7b59c63e757b654a39bdc51d9,BAO2011-051,fibre_context,candidate,source_field_present
r2_sha256_6db5357ae368981b1e2781a2a2402d60d63850e7b59c63e757b654a39bdc51d9,BAO2011-051,gi_gl_calculation,candidate,source_field_present
r2_sha256_6db5357ae368981b1e2781a2a2402d60d63850e7b59c63e757b654a39bdc51d9,BAO2011-052,composition_energy,candidate,source_field_present
r2_sha256_6db5357ae368981b1e2781a2a2402d60d63850e7b59c63e757b654a39bdc51d9,BAO2011-052,experimental_fii_input,candidate,attributed_glucose_reference_1000_kj
r2_sha256_6db5357ae368981b1e2781a2a2402d60d63850e7b59c63e757b654a39bdc51d9,BAO2011-052,fibre_context,candidate,source_field_present
r2_sha256_6db5357ae368981b1e2781a2a2402d60d63850e7b59c63e757b654a39bdc51d9,BAO2011-052,gi_gl_calculation,candidate,source_field_present
r2_sha256_6db5357ae368981b1e2781a2a2402d60d63850e7b59c63e757b654a39bdc51d9,BAO2011-053,composition_energy,candidate,source_field_present
r2_sha256_6db5357ae368981b1e2781a2a2402d60d63850e7b59c63e757b654a39bdc51d9,BAO2011-053,experimental_fii_input,candidate,attributed_glucose_reference_1000_kj
r2_sha256_6db5357ae368981b1e2781a2a2402d60d63850e7b59c63e757b654a39bdc51d9,BAO2011-053,fibre_context,candidate,source_field_present
r2_sha256_6db5357ae368981b1e2781a2a2402d60d63850e7b59c63e757b654a39bdc51d9,BAO2011-053,gi_gl_calculation,candidate,source_field_present
r2_sha256_6db5357ae368981b1e2781a2a2402d60d63850e7b59c63e757b654a39bdc51d9,BAO2011-054,composition_energy,candidate,source_field_present
r2_sha256_6db5357ae368981b1e2781a2a2402d60d63850e7b59c63e757b654a39bdc51d9,BAO2011-054,experimental_fii_input,candidate,attributed_glucose_reference_1000_kj
r2_sha256_6db5357ae368981b1e2781a2a2402d60d63850e7b59c63e757b654a39bdc51d9,BAO2011-054,fibre_context,candidate,source_field_present
r2_sha256_6db5357ae368981b1e2781a2a2402d60d63850e7b59c63e757b654a39bdc51d9,BAO2011-054,gi_gl_calculation,candidate,source_field_present
r2_sha256_6db5357ae368981b1e2781a2a2402d60d63850e7b59c63e757b654a39bdc51d9,BAO2011-055,composition_energy,candidate,source_field_present
r2_sha256_6db5357ae368981b1e2781a2a2402d60d63850e7b59c63e757b654a39bdc51d9,BAO2011-055,experimental_fii_input,candidate,attributed_glucose_reference_1000_kj
r2_sha256_6db5357ae368981b1e2781a2a2402d60d63850e7b59c63e757b654a39bdc51d9,BAO2011-055,fibre_context,candidate,source_field_present
r2_sha256_6db5357ae368981b1e2781a2a2402d60d63850e7b59c63e757b654a39bdc51d9,BAO2011-055,gi_gl_calculation,candidate,source_field_present
r2_sha256_6db5357ae368981b1e2781a2a2402d60d63850e7b59c63e757b654a39bdc51d9,BAO2011-056,composition_energy,candidate,source_field_present
r2_sha256_6db5357ae368981b1e2781a2a2402d60d63850e7b59c63e757b654a39bdc51d9,BAO2011-056,experimental_fii_input,candidate,attributed_glucose_reference_1000_kj
r2_sha256_6db5357ae368981b1e2781a2a2402d60d63850e7b59c63e757b654a39bdc51d9,BAO2011-056,fibre_context,candidate,source_field_present
r2_sha256_6db5357ae368981b1e2781a2a2402d60d63850e7b59c63e757b654a39bdc51d9,BAO2011-056,gi_gl_calculation,candidate,source_field_present
r2_sha256_6db5357ae368981b1e2781a2a2402d60d63850e7b59c63e757b654a39bdc51d9,BAO2011-057,composition_energy,candidate,source_field_present
r2_sha256_6db5357ae368981b1e2781a2a2402d60d63850e7b59c63e757b654a39bdc51d9,BAO2011-057,experimental_fii_input,candidate,attributed_glucose_reference_1000_kj
r2_sha256_6db5357ae368981b1e2781a2a2402d60d63850e7b59c63e757b654a39bdc51d9,BAO2011-057,fibre_context,candidate,source_field_present
r2_sha256_6db5357ae368981b1e2781a2a2402d60d63850e7b59c63e757b654a39bdc51d9,BAO2011-057,gi_gl_calculation,candidate,source_field_present
r2_sha256_6db5357ae368981b1e2781a2a2402d60d63850e7b59c63e757b654a39bdc51d9,BAO2011-058,composition_energy,candidate,source_field_present
r2_sha256_6db5357ae368981b1e2781a2a2402d60d63850e7b59c63e757b654a39bdc51d9,BAO2011-058,experimental_fii_input,candidate,attributed_glucose_reference_1000_kj
r2_sha256_6db5357ae368981b1e2781a2a2402d60d63850e7b59c63e757b654a39bdc51d9,BAO2011-058,fibre_context,candidate,source_field_present
r2_sha256_6db5357ae368981b1e2781a2a2402d60d63850e7b59c63e757b654a39bdc51d9,BAO2011-058,gi_gl_calculation,candidate,source_field_present
r2_sha256_6db5357ae368981b1e2781a2a2402d60d63850e7b59c63e757b654a39bdc51d9,BAO2011-059,composition_energy,candidate,source_field_present
r2_sha256_6db5357ae368981b1e2781a2a2402d60d63850e7b59c63e757b654a39bdc51d9,BAO2011-059,experimental_fii_input,candidate,attributed_glucose_reference_1000_kj
r2_sha256_6db5357ae368981b1e2781a2a2402d60d63850e7b59c63e757b654a39bdc51d9,BAO2011-059,fibre_context,candidate,source_field_present
r2_sha256_6db5357ae368981b1e2781a2a2402d60d63850e7b59c63e757b654a39bdc51d9,BAO2011-059,gi_gl_calculation,candidate,source_field_present
r2_sha256_6db5357ae368981b1e2781a2a2402d60d63850e7b59c63e757b654a39bdc51d9,BAO2011-060,composition_energy,candidate,source_field_present
r2_sha256_6db5357ae368981b1e2781a2a2402d60d63850e7b59c63e757b654a39bdc51d9,BAO2011-060,experimental_fii_input,candidate,attributed_glucose_reference_1000_kj
r2_sha256_6db5357ae368981b1e2781a2a2402d60d63850e7b59c63e757b654a39bdc51d9,BAO2011-060,fibre_context,candidate,source_field_present
r2_sha256_6db5357ae368981b1e2781a2a2402d60d63850e7b59c63e757b654a39bdc51d9,BAO2011-060,gi_gl_calculation,candidate,source_field_present
r2_sha256_6db5357ae368981b1e2781a2a2402d60d63850e7b59c63e757b654a39bdc51d9,BAO2011-061,composition_energy,candidate,source_field_present
r2_sha256_6db5357ae368981b1e2781a2a2402d60d63850e7b59c63e757b654a39bdc51d9,BAO2011-061,experimental_fii_input,candidate,attributed_glucose_reference_1000_kj
r2_sha256_6db5357ae368981b1e2781a2a2402d60d63850e7b59c63e757b654a39bdc51d9,BAO2011-061,fibre_context,candidate,source_field_present
r2_sha256_6db5357ae368981b1e2781a2a2402d60d63850e7b59c63e757b654a39bdc51d9,BAO2011-061,gi_gl_calculation,candidate,source_field_present
r2_sha256_6db5357ae368981b1e2781a2a2402d60d63850e7b59c63e757b654a39bdc51d9,BAO2011-062,composition_energy,candidate,source_field_present
r2_sha256_6db5357ae368981b1e2781a2a2402d60d63850e7b59c63e757b654a39bdc51d9,BAO2011-062,experimental_fii_input,candidate,attributed_glucose_reference_1000_kj
r2_sha256_6db5357ae368981b1e2781a2a2402d60d63850e7b59c63e757b654a39bdc51d9,BAO2011-062,fibre_context,candidate,source_field_present
r2_sha256_6db5357ae368981b1e2781a2a2402d60d63850e7b59c63e757b654a39bdc51d9,BAO2011-062,gi_gl_calculation,candidate,source_field_present
r2_sha256_6db5357ae368981b1e2781a2a2402d60d63850e7b59c63e757b654a39bdc51d9,BAO2011-063,composition_energy,candidate,source_field_present
r2_sha256_6db5357ae368981b1e2781a2a2402d60d63850e7b59c63e757b654a39bdc51d9,BAO2011-063,experimental_fii_input,candidate,attributed_glucose_reference_1000_kj
r2_sha256_6db5357ae368981b1e2781a2a2402d60d63850e7b59c63e757b654a39bdc51d9,BAO2011-063,fibre_context,candidate,source_field_present
r2_sha256_6db5357ae368981b1e2781a2a2402d60d63850e7b59c63e757b654a39bdc51d9,BAO2011-063,gi_gl_calculation,candidate,source_field_present
r2_sha256_6db5357ae368981b1e2781a2a2402d60d63850e7b59c63e757b654a39bdc51d9,BAO2011-064,composition_energy,candidate,source_field_present
r2_sha256_6db5357ae368981b1e2781a2a2402d60d63850e7b59c63e757b654a39bdc51d9,BAO2011-064,experimental_fii_input,candidate,attributed_glucose_reference_1000_kj
r2_sha256_6db5357ae368981b1e2781a2a2402d60d63850e7b59c63e757b654a39bdc51d9,BAO2011-064,fibre_context,candidate,source_field_present
r2_sha256_6db5357ae368981b1e2781a2a2402d60d63850e7b59c63e757b654a39bdc51d9,BAO2011-064,gi_gl_calculation,candidate,source_field_present
r2_sha256_6db5357ae368981b1e2781a2a2402d60d63850e7b59c63e757b654a39bdc51d9,BAO2011-065,composition_energy,candidate,source_field_present
r2_sha256_6db5357ae368981b1e2781a2a2402d60d63850e7b59c63e757b654a39bdc51d9,BAO2011-065,experimental_fii_input,candidate,attributed_glucose_reference_1000_kj
r2_sha256_6db5357ae368981b1e2781a2a2402d60d63850e7b59c63e757b654a39bdc51d9,BAO2011-065,fibre_context,candidate,source_field_present
r2_sha256_6db5357ae368981b1e2781a2a2402d60d63850e7b59c63e757b654a39bdc51d9,BAO2011-065,gi_gl_calculation,candidate,source_field_present
r2_sha256_6db5357ae368981b1e2781a2a2402d60d63850e7b59c63e757b654a39bdc51d9,BAO2011-066,composition_energy,candidate,source_field_present
r2_sha256_6db5357ae368981b1e2781a2a2402d60d63850e7b59c63e757b654a39bdc51d9,BAO2011-066,experimental_fii_input,candidate,attributed_glucose_reference_1000_kj
r2_sha256_6db5357ae368981b1e2781a2a2402d60d63850e7b59c63e757b654a39bdc51d9,BAO2011-066,fibre_context,candidate,source_field_present
r2_sha256_6db5357ae368981b1e2781a2a2402d60d63850e7b59c63e757b654a39bdc51d9,BAO2011-066,gi_gl_calculation,candidate,source_field_present
r2_sha256_6db5357ae368981b1e2781a2a2402d60d63850e7b59c63e757b654a39bdc51d9,BAO2011-067,composition_energy,candidate,source_field_present
r2_sha256_6db5357ae368981b1e2781a2a2402d60d63850e7b59c63e757b654a39bdc51d9,BAO2011-067,experimental_fii_input,candidate,attributed_glucose_reference_1000_kj
r2_sha256_6db5357ae368981b1e2781a2a2402d60d63850e7b59c63e757b654a39bdc51d9,BAO2011-067,fibre_context,candidate,source_field_present
r2_sha256_6db5357ae368981b1e2781a2a2402d60d63850e7b59c63e757b654a39bdc51d9,BAO2011-067,gi_gl_calculation,candidate,source_field_present
r2_sha256_6db5357ae368981b1e2781a2a2402d60d63850e7b59c63e757b654a39bdc51d9,BAO2011-068,composition_energy,candidate,source_field_present
r2_sha256_6db5357ae368981b1e2781a2a2402d60d63850e7b59c63e757b654a39bdc51d9,BAO2011-068,experimental_fii_input,candidate,attributed_glucose_reference_1000_kj
r2_sha256_6db5357ae368981b1e2781a2a2402d60d63850e7b59c63e757b654a39bdc51d9,BAO2011-068,fibre_context,candidate,source_field_present
r2_sha256_6db5357ae368981b1e2781a2a2402d60d63850e7b59c63e757b654a39bdc51d9,BAO2011-068,gi_gl_calculation,candidate,source_field_present
r2_sha256_6db5357ae368981b1e2781a2a2402d60d63850e7b59c63e757b654a39bdc51d9,BAO2011-069,composition_energy,candidate,source_field_present
r2_sha256_6db5357ae368981b1e2781a2a2402d60d63850e7b59c63e757b654a39bdc51d9,BAO2011-069,experimental_fii_input,candidate,attributed_glucose_reference_1000_kj
r2_sha256_6db5357ae368981b1e2781a2a2402d60d63850e7b59c63e757b654a39bdc51d9,BAO2011-069,fibre_context,candidate,source_field_present
r2_sha256_6db5357ae368981b1e2781a2a2402d60d63850e7b59c63e757b654a39bdc51d9,BAO2011-069,gi_gl_calculation,candidate,source_field_present
r2_sha256_6db5357ae368981b1e2781a2a2402d60d63850e7b59c63e757b654a39bdc51d9,BAO2011-070,composition_energy,candidate,source_field_present
r2_sha256_6db5357ae368981b1e2781a2a2402d60d63850e7b59c63e757b654a39bdc51d9,BAO2011-070,experimental_fii_input,candidate,attributed_glucose_reference_1000_kj
r2_sha256_6db5357ae368981b1e2781a2a2402d60d63850e7b59c63e757b654a39bdc51d9,BAO2011-070,fibre_context,candidate,source_field_present
r2_sha256_6db5357ae368981b1e2781a2a2402d60d63850e7b59c63e757b654a39bdc51d9,BAO2011-070,gi_gl_calculation,candidate,source_field_present
r2_sha256_6db5357ae368981b1e2781a2a2402d60d63850e7b59c63e757b654a39bdc51d9,BAO2011-071,composition_energy,candidate,source_field_present
r2_sha256_6db5357ae368981b1e2781a2a2402d60d63850e7b59c63e757b654a39bdc51d9,BAO2011-071,experimental_fii_input,candidate,attributed_glucose_reference_1000_kj
r2_sha256_6db5357ae368981b1e2781a2a2402d60d63850e7b59c63e757b654a39bdc51d9,BAO2011-071,fibre_context,candidate,source_field_present
r2_sha256_6db5357ae368981b1e2781a2a2402d60d63850e7b59c63e757b654a39bdc51d9,BAO2011-071,gi_gl_calculation,candidate,source_field_present
r2_sha256_6db5357ae368981b1e2781a2a2402d60d63850e7b59c63e757b654a39bdc51d9,BAO2011-072,composition_energy,candidate,source_field_present
r2_sha256_6db5357ae368981b1e2781a2a2402d60d63850e7b59c63e757b654a39bdc51d9,BAO2011-072,experimental_fii_input,candidate,attributed_glucose_reference_1000_kj
r2_sha256_6db5357ae368981b1e2781a2a2402d60d63850e7b59c63e757b654a39bdc51d9,BAO2011-072,fibre_context,candidate,source_field_present
r2_sha256_6db5357ae368981b1e2781a2a2402d60d63850e7b59c63e757b654a39bdc51d9,BAO2011-072,gi_gl_calculation,candidate,source_field_present
r2_sha256_6db5357ae368981b1e2781a2a2402d60d63850e7b59c63e757b654a39bdc51d9,BAO2011-073,composition_energy,candidate,source_field_present
r2_sha256_6db5357ae368981b1e2781a2a2402d60d63850e7b59c63e757b654a39bdc51d9,BAO2011-073,experimental_fii_input,candidate,attributed_glucose_reference_1000_kj
r2_sha256_6db5357ae368981b1e2781a2a2402d60d63850e7b59c63e757b654a39bdc51d9,BAO2011-073,fibre_context,candidate,source_field_present
r2_sha256_6db5357ae368981b1e2781a2a2402d60d63850e7b59c63e757b654a39bdc51d9,BAO2011-073,gi_gl_calculation,candidate,source_field_present
r2_sha256_6db5357ae368981b1e2781a2a2402d60d63850e7b59c63e757b654a39bdc51d9,BAO2011-074,composition_energy,candidate,source_field_present
r2_sha256_6db5357ae368981b1e2781a2a2402d60d63850e7b59c63e757b654a39bdc51d9,BAO2011-074,experimental_fii_input,candidate,attributed_glucose_reference_1000_kj
r2_sha256_6db5357ae368981b1e2781a2a2402d60d63850e7b59c63e757b654a39bdc51d9,BAO2011-074,fibre_context,candidate,source_field_present
r2_sha256_6db5357ae368981b1e2781a2a2402d60d63850e7b59c63e757b654a39bdc51d9,BAO2011-074,gi_gl_calculation,candidate,source_field_present
r2_sha256_6db5357ae368981b1e2781a2a2402d60d63850e7b59c63e757b654a39bdc51d9,BAO2011-075,composition_energy,candidate,source_field_present
r2_sha256_6db5357ae368981b1e2781a2a2402d60d63850e7b59c63e757b654a39bdc51d9,BAO2011-075,experimental_fii_input,candidate,attributed_glucose_reference_1000_kj
r2_sha256_6db5357ae368981b1e2781a2a2402d60d63850e7b59c63e757b654a39bdc51d9,BAO2011-075,fibre_context,candidate,source_field_present
r2_sha256_6db5357ae368981b1e2781a2a2402d60d63850e7b59c63e757b654a39bdc51d9,BAO2011-075,gi_gl_calculation,candidate,source_field_present
r2_sha256_6db5357ae368981b1e2781a2a2402d60d63850e7b59c63e757b654a39bdc51d9,BAO2011-076,composition_energy,candidate,source_field_present
r2_sha256_6db5357ae368981b1e2781a2a2402d60d63850e7b59c63e757b654a39bdc51d9,BAO2011-076,experimental_fii_input,candidate,attributed_glucose_reference_1000_kj
r2_sha256_6db5357ae368981b1e2781a2a2402d60d63850e7b59c63e757b654a39bdc51d9,BAO2011-076,fibre_context,candidate,source_field_present
r2_sha256_6db5357ae368981b1e2781a2a2402d60d63850e7b59c63e757b654a39bdc51d9,BAO2011-076,gi_gl_calculation,candidate,source_field_present
r2_sha256_6db5357ae368981b1e2781a2a2402d60d63850e7b59c63e757b654a39bdc51d9,BAO2011-077,composition_energy,candidate,source_field_present
r2_sha256_6db5357ae368981b1e2781a2a2402d60d63850e7b59c63e757b654a39bdc51d9,BAO2011-077,experimental_fii_input,candidate,attributed_glucose_reference_1000_kj
r2_sha256_6db5357ae368981b1e2781a2a2402d60d63850e7b59c63e757b654a39bdc51d9,BAO2011-077,fibre_context,candidate,source_field_present
r2_sha256_6db5357ae368981b1e2781a2a2402d60d63850e7b59c63e757b654a39bdc51d9,BAO2011-077,gi_gl_calculation,candidate,source_field_present
r2_sha256_6db5357ae368981b1e2781a2a2402d60d63850e7b59c63e757b654a39bdc51d9,BAO2011-078,composition_energy,candidate,source_field_present
r2_sha256_6db5357ae368981b1e2781a2a2402d60d63850e7b59c63e757b654a39bdc51d9,BAO2011-078,experimental_fii_input,candidate,attributed_glucose_reference_1000_kj
r2_sha256_6db5357ae368981b1e2781a2a2402d60d63850e7b59c63e757b654a39bdc51d9,BAO2011-078,fibre_context,candidate,source_field_present
r2_sha256_6db5357ae368981b1e2781a2a2402d60d63850e7b59c63e757b654a39bdc51d9,BAO2011-078,gi_gl_calculation,candidate,source_field_present
r2_sha256_6db5357ae368981b1e2781a2a2402d60d63850e7b59c63e757b654a39bdc51d9,BAO2011-079,composition_energy,candidate,source_field_present
r2_sha256_6db5357ae368981b1e2781a2a2402d60d63850e7b59c63e757b654a39bdc51d9,BAO2011-079,experimental_fii_input,candidate,attributed_glucose_reference_1000_kj
r2_sha256_6db5357ae368981b1e2781a2a2402d60d63850e7b59c63e757b654a39bdc51d9,BAO2011-079,fibre_context,candidate,source_field_present
r2_sha256_6db5357ae368981b1e2781a2a2402d60d63850e7b59c63e757b654a39bdc51d9,BAO2011-079,gi_gl_calculation,candidate,source_field_present
r2_sha256_6db5357ae368981b1e2781a2a2402d60d63850e7b59c63e757b654a39bdc51d9,BAO2011-080,composition_energy,candidate,source_field_present
r2_sha256_6db5357ae368981b1e2781a2a2402d60d63850e7b59c63e757b654a39bdc51d9,BAO2011-080,experimental_fii_input,candidate,attributed_glucose_reference_1000_kj
r2_sha256_6db5357ae368981b1e2781a2a2402d60d63850e7b59c63e757b654a39bdc51d9,BAO2011-080,fibre_context,candidate,source_field_present
r2_sha256_6db5357ae368981b1e2781a2a2402d60d63850e7b59c63e757b654a39bdc51d9,BAO2011-080,gi_gl_calculation,candidate,source_field_present
r2_sha256_6db5357ae368981b1e2781a2a2402d60d63850e7b59c63e757b654a39bdc51d9,BAO2011-081,composition_energy,candidate,source_field_present
r2_sha256_6db5357ae368981b1e2781a2a2402d60d63850e7b59c63e757b654a39bdc51d9,BAO2011-081,experimental_fii_input,candidate,attributed_glucose_reference_1000_kj
r2_sha256_6db5357ae368981b1e2781a2a2402d60d63850e7b59c63e757b654a39bdc51d9,BAO2011-081,fibre_context,candidate,source_field_present
r2_sha256_6db5357ae368981b1e2781a2a2402d60d63850e7b59c63e757b654a39bdc51d9,BAO2011-081,gi_gl_calculation,candidate,source_field_present
r2_sha256_6db5357ae368981b1e2781a2a2402d60d63850e7b59c63e757b654a39bdc51d9,BAO2011-082,composition_energy,candidate,source_field_present
r2_sha256_6db5357ae368981b1e2781a2a2402d60d63850e7b59c63e757b654a39bdc51d9,BAO2011-082,experimental_fii_input,candidate,attributed_glucose_reference_1000_kj
r2_sha256_6db5357ae368981b1e2781a2a2402d60d63850e7b59c63e757b654a39bdc51d9,BAO2011-082,fibre_context,candidate,source_field_present
r2_sha256_6db5357ae368981b1e2781a2a2402d60d63850e7b59c63e757b654a39bdc51d9,BAO2011-082,gi_gl_calculation,candidate,source_field_present
r2_sha256_6db5357ae368981b1e2781a2a2402d60d63850e7b59c63e757b654a39bdc51d9,BAO2011-083,composition_energy,candidate,source_field_present
r2_sha256_6db5357ae368981b1e2781a2a2402d60d63850e7b59c63e757b654a39bdc51d9,BAO2011-083,experimental_fii_input,candidate,attributed_glucose_reference_1000_kj
r2_sha256_6db5357ae368981b1e2781a2a2402d60d63850e7b59c63e757b654a39bdc51d9,BAO2011-083,fibre_context,candidate,source_field_present
r2_sha256_6db5357ae368981b1e2781a2a2402d60d63850e7b59c63e757b654a39bdc51d9,BAO2011-083,gi_gl_calculation,candidate,source_field_present
r2_sha256_6db5357ae368981b1e2781a2a2402d60d63850e7b59c63e757b654a39bdc51d9,BAO2011-084,composition_energy,candidate,source_field_present
r2_sha256_6db5357ae368981b1e2781a2a2402d60d63850e7b59c63e757b654a39bdc51d9,BAO2011-084,experimental_fii_input,candidate,attributed_glucose_reference_1000_kj
r2_sha256_6db5357ae368981b1e2781a2a2402d60d63850e7b59c63e757b654a39bdc51d9,BAO2011-084,fibre_context,candidate,source_field_present
r2_sha256_6db5357ae368981b1e2781a2a2402d60d63850e7b59c63e757b654a39bdc51d9,BAO2011-084,gi_gl_calculation,candidate,source_field_present
r2_sha256_6db5357ae368981b1e2781a2a2402d60d63850e7b59c63e757b654a39bdc51d9,BAO2011-085,composition_energy,candidate,source_field_present
r2_sha256_6db5357ae368981b1e2781a2a2402d60d63850e7b59c63e757b654a39bdc51d9,BAO2011-085,experimental_fii_input,candidate,attributed_glucose_reference_1000_kj
r2_sha256_6db5357ae368981b1e2781a2a2402d60d63850e7b59c63e757b654a39bdc51d9,BAO2011-085,fibre_context,candidate,source_field_present
r2_sha256_6db5357ae368981b1e2781a2a2402d60d63850e7b59c63e757b654a39bdc51d9,BAO2011-085,gi_gl_calculation,candidate,source_field_present
r2_sha256_6db5357ae368981b1e2781a2a2402d60d63850e7b59c63e757b654a39bdc51d9,BAO2011-086,composition_energy,candidate,source_field_present
r2_sha256_6db5357ae368981b1e2781a2a2402d60d63850e7b59c63e757b654a39bdc51d9,BAO2011-086,experimental_fii_input,candidate,attributed_glucose_reference_1000_kj
r2_sha256_6db5357ae368981b1e2781a2a2402d60d63850e7b59c63e757b654a39bdc51d9,BAO2011-086,fibre_context,candidate,source_field_present
r2_sha256_6db5357ae368981b1e2781a2a2402d60d63850e7b59c63e757b654a39bdc51d9,BAO2011-086,gi_gl_calculation,candidate,source_field_present
r2_sha256_6db5357ae368981b1e2781a2a2402d60d63850e7b59c63e757b654a39bdc51d9,BAO2011-087,composition_energy,candidate,source_field_present
r2_sha256_6db5357ae368981b1e2781a2a2402d60d63850e7b59c63e757b654a39bdc51d9,BAO2011-087,experimental_fii_input,candidate,attributed_glucose_reference_1000_kj
r2_sha256_6db5357ae368981b1e2781a2a2402d60d63850e7b59c63e757b654a39bdc51d9,BAO2011-087,fibre_context,candidate,source_field_present
r2_sha256_6db5357ae368981b1e2781a2a2402d60d63850e7b59c63e757b654a39bdc51d9,BAO2011-087,gi_gl_calculation,candidate,source_field_present
r2_sha256_6db5357ae368981b1e2781a2a2402d60d63850e7b59c63e757b654a39bdc51d9,BAO2011-088,composition_energy,candidate,source_field_present
r2_sha256_6db5357ae368981b1e2781a2a2402d60d63850e7b59c63e757b654a39bdc51d9,BAO2011-088,experimental_fii_input,candidate,attributed_glucose_reference_1000_kj
r2_sha256_6db5357ae368981b1e2781a2a2402d60d63850e7b59c63e757b654a39bdc51d9,BAO2011-088,fibre_context,candidate,source_field_present
r2_sha256_6db5357ae368981b1e2781a2a2402d60d63850e7b59c63e757b654a39bdc51d9,BAO2011-088,gi_gl_calculation,candidate,source_field_present
r2_sha256_6db5357ae368981b1e2781a2a2402d60d63850e7b59c63e757b654a39bdc51d9,BAO2011-089,composition_energy,candidate,source_field_present
r2_sha256_6db5357ae368981b1e2781a2a2402d60d63850e7b59c63e757b654a39bdc51d9,BAO2011-089,experimental_fii_input,candidate,attributed_glucose_reference_1000_kj
r2_sha256_6db5357ae368981b1e2781a2a2402d60d63850e7b59c63e757b654a39bdc51d9,BAO2011-089,fibre_context,candidate,source_field_present
r2_sha256_6db5357ae368981b1e2781a2a2402d60d63850e7b59c63e757b654a39bdc51d9,BAO2011-089,gi_gl_calculation,candidate,source_field_present
r2_sha256_6db5357ae368981b1e2781a2a2402d60d63850e7b59c63e757b654a39bdc51d9,BAO2011-090,composition_energy,candidate,source_field_present
r2_sha256_6db5357ae368981b1e2781a2a2402d60d63850e7b59c63e757b654a39bdc51d9,BAO2011-090,experimental_fii_input,candidate,attributed_glucose_reference_1000_kj
r2_sha256_6db5357ae368981b1e2781a2a2402d60d63850e7b59c63e757b654a39bdc51d9,BAO2011-090,fibre_context,candidate,source_field_present
r2_sha256_6db5357ae368981b1e2781a2a2402d60d63850e7b59c63e757b654a39bdc51d9,BAO2011-090,gi_gl_calculation,candidate,source_field_present
r2_sha256_6db5357ae368981b1e2781a2a2402d60d63850e7b59c63e757b654a39bdc51d9,BAO2011-091,composition_energy,candidate,source_field_present
r2_sha256_6db5357ae368981b1e2781a2a2402d60d63850e7b59c63e757b654a39bdc51d9,BAO2011-091,experimental_fii_input,candidate,attributed_glucose_reference_1000_kj
r2_sha256_6db5357ae368981b1e2781a2a2402d60d63850e7b59c63e757b654a39bdc51d9,BAO2011-091,fibre_context,candidate,source_field_present
r2_sha256_6db5357ae368981b1e2781a2a2402d60d63850e7b59c63e757b654a39bdc51d9,BAO2011-091,gi_gl_calculation,candidate,source_field_present
r2_sha256_6db5357ae368981b1e2781a2a2402d60d63850e7b59c63e757b654a39bdc51d9,BAO2011-092,composition_energy,candidate,source_field_present
r2_sha256_6db5357ae368981b1e2781a2a2402d60d63850e7b59c63e757b654a39bdc51d9,BAO2011-092,experimental_fii_input,candidate,attributed_glucose_reference_1000_kj
r2_sha256_6db5357ae368981b1e2781a2a2402d60d63850e7b59c63e757b654a39bdc51d9,BAO2011-092,fibre_context,candidate,source_field_present
r2_sha256_6db5357ae368981b1e2781a2a2402d60d63850e7b59c63e757b654a39bdc51d9,BAO2011-092,gi_gl_calculation,candidate,source_field_present
r2_sha256_6db5357ae368981b1e2781a2a2402d60d63850e7b59c63e757b654a39bdc51d9,BAO2011-093,composition_energy,candidate,source_field_present
r2_sha256_6db5357ae368981b1e2781a2a2402d60d63850e7b59c63e757b654a39bdc51d9,BAO2011-093,experimental_fii_input,candidate,attributed_glucose_reference_1000_kj
r2_sha256_6db5357ae368981b1e2781a2a2402d60d63850e7b59c63e757b654a39bdc51d9,BAO2011-093,fibre_context,candidate,source_field_present
r2_sha256_6db5357ae368981b1e2781a2a2402d60d63850e7b59c63e757b654a39bdc51d9,BAO2011-093,gi_gl_calculation,candidate,source_field_present
r2_sha256_6db5357ae368981b1e2781a2a2402d60d63850e7b59c63e757b654a39bdc51d9,BAO2011-094,composition_energy,candidate,source_field_present
r2_sha256_6db5357ae368981b1e2781a2a2402d60d63850e7b59c63e757b654a39bdc51d9,BAO2011-094,experimental_fii_input,candidate,attributed_glucose_reference_1000_kj
r2_sha256_6db5357ae368981b1e2781a2a2402d60d63850e7b59c63e757b654a39bdc51d9,BAO2011-094,fibre_context,candidate,source_field_present
r2_sha256_6db5357ae368981b1e2781a2a2402d60d63850e7b59c63e757b654a39bdc51d9,BAO2011-094,gi_gl_calculation,candidate,source_field_present
r2_sha256_6db5357ae368981b1e2781a2a2402d60d63850e7b59c63e757b654a39bdc51d9,BAO2011-095,composition_energy,candidate,source_field_present
r2_sha256_6db5357ae368981b1e2781a2a2402d60d63850e7b59c63e757b654a39bdc51d9,BAO2011-095,experimental_fii_input,candidate,attributed_glucose_reference_1000_kj
r2_sha256_6db5357ae368981b1e2781a2a2402d60d63850e7b59c63e757b654a39bdc51d9,BAO2011-095,fibre_context,candidate,source_field_present
r2_sha256_6db5357ae368981b1e2781a2a2402d60d63850e7b59c63e757b654a39bdc51d9,BAO2011-095,gi_gl_calculation,candidate,source_field_present
r2_sha256_6db5357ae368981b1e2781a2a2402d60d63850e7b59c63e757b654a39bdc51d9,BAO2011-096,composition_energy,candidate,source_field_present
r2_sha256_6db5357ae368981b1e2781a2a2402d60d63850e7b59c63e757b654a39bdc51d9,BAO2011-096,experimental_fii_input,candidate,attributed_glucose_reference_1000_kj
r2_sha256_6db5357ae368981b1e2781a2a2402d60d63850e7b59c63e757b654a39bdc51d9,BAO2011-096,fibre_context,candidate,source_field_present
r2_sha256_6db5357ae368981b1e2781a2a2402d60d63850e7b59c63e757b654a39bdc51d9,BAO2011-096,gi_gl_calculation,candidate,source_field_present
r2_sha256_6db5357ae368981b1e2781a2a2402d60d63850e7b59c63e757b654a39bdc51d9,BAO2011-097,composition_energy,candidate,source_field_present
r2_sha256_6db5357ae368981b1e2781a2a2402d60d63850e7b59c63e757b654a39bdc51d9,BAO2011-097,experimental_fii_input,candidate,attributed_glucose_reference_1000_kj
r2_sha256_6db5357ae368981b1e2781a2a2402d60d63850e7b59c63e757b654a39bdc51d9,BAO2011-097,fibre_context,candidate,source_field_present
r2_sha256_6db5357ae368981b1e2781a2a2402d60d63850e7b59c63e757b654a39bdc51d9,BAO2011-097,gi_gl_calculation,candidate,source_field_present
r2_sha256_6db5357ae368981b1e2781a2a2402d60d63850e7b59c63e757b654a39bdc51d9,BAO2011-098,composition_energy,candidate,source_field_present
r2_sha256_6db5357ae368981b1e2781a2a2402d60d63850e7b59c63e757b654a39bdc51d9,BAO2011-098,experimental_fii_input,candidate,attributed_glucose_reference_1000_kj
r2_sha256_6db5357ae368981b1e2781a2a2402d60d63850e7b59c63e757b654a39bdc51d9,BAO2011-098,fibre_context,candidate,source_field_present
r2_sha256_6db5357ae368981b1e2781a2a2402d60d63850e7b59c63e757b654a39bdc51d9,BAO2011-098,gi_gl_calculation,candidate,source_field_present
r2_sha256_6db5357ae368981b1e2781a2a2402d60d63850e7b59c63e757b654a39bdc51d9,BAO2011-099,composition_energy,candidate,source_field_present
r2_sha256_6db5357ae368981b1e2781a2a2402d60d63850e7b59c63e757b654a39bdc51d9,BAO2011-099,experimental_fii_input,candidate,attributed_glucose_reference_1000_kj
r2_sha256_6db5357ae368981b1e2781a2a2402d60d63850e7b59c63e757b654a39bdc51d9,BAO2011-099,fibre_context,candidate,source_field_present
r2_sha256_6db5357ae368981b1e2781a2a2402d60d63850e7b59c63e757b654a39bdc51d9,BAO2011-099,gi_gl_calculation,candidate,source_field_present
r2_sha256_6db5357ae368981b1e2781a2a2402d60d63850e7b59c63e757b654a39bdc51d9,BAO2011-100,composition_energy,candidate,source_field_present
r2_sha256_6db5357ae368981b1e2781a2a2402d60d63850e7b59c63e757b654a39bdc51d9,BAO2011-100,experimental_fii_input,candidate,attributed_glucose_reference_1000_kj
r2_sha256_6db5357ae368981b1e2781a2a2402d60d63850e7b59c63e757b654a39bdc51d9,BAO2011-100,fibre_context,candidate,source_field_present
r2_sha256_6db5357ae368981b1e2781a2a2402d60d63850e7b59c63e757b654a39bdc51d9,BAO2011-100,gi_gl_calculation,candidate,source_field_present
r2_sha256_6db5357ae368981b1e2781a2a2402d60d63850e7b59c63e757b654a39bdc51d9,BAO2011-101,composition_energy,candidate,source_field_present
r2_sha256_6db5357ae368981b1e2781a2a2402d60d63850e7b59c63e757b654a39bdc51d9,BAO2011-101,experimental_fii_input,candidate,attributed_glucose_reference_1000_kj
r2_sha256_6db5357ae368981b1e2781a2a2402d60d63850e7b59c63e757b654a39bdc51d9,BAO2011-101,fibre_context,candidate,source_field_present
r2_sha256_6db5357ae368981b1e2781a2a2402d60d63850e7b59c63e757b654a39bdc51d9,BAO2011-101,gi_gl_calculation,candidate,source_field_present
r2_sha256_6db5357ae368981b1e2781a2a2402d60d63850e7b59c63e757b654a39bdc51d9,BAO2011-102,composition_energy,candidate,source_field_present
r2_sha256_6db5357ae368981b1e2781a2a2402d60d63850e7b59c63e757b654a39bdc51d9,BAO2011-102,experimental_fii_input,candidate,attributed_glucose_reference_1000_kj
r2_sha256_6db5357ae368981b1e2781a2a2402d60d63850e7b59c63e757b654a39bdc51d9,BAO2011-102,fibre_context,candidate,source_field_present
r2_sha256_6db5357ae368981b1e2781a2a2402d60d63850e7b59c63e757b654a39bdc51d9,BAO2011-102,gi_gl_calculation,candidate,source_field_present
r2_sha256_6db5357ae368981b1e2781a2a2402d60d63850e7b59c63e757b654a39bdc51d9,BAO2011-103,composition_energy,candidate,source_field_present
r2_sha256_6db5357ae368981b1e2781a2a2402d60d63850e7b59c63e757b654a39bdc51d9,BAO2011-103,experimental_fii_input,candidate,attributed_glucose_reference_1000_kj
r2_sha256_6db5357ae368981b1e2781a2a2402d60d63850e7b59c63e757b654a39bdc51d9,BAO2011-103,fibre_context,candidate,source_field_present
r2_sha256_6db5357ae368981b1e2781a2a2402d60d63850e7b59c63e757b654a39bdc51d9,BAO2011-103,gi_gl_calculation,candidate,source_field_present
r2_sha256_6db5357ae368981b1e2781a2a2402d60d63850e7b59c63e757b654a39bdc51d9,BAO2011-104,composition_energy,candidate,source_field_present
r2_sha256_6db5357ae368981b1e2781a2a2402d60d63850e7b59c63e757b654a39bdc51d9,BAO2011-104,experimental_fii_input,candidate,attributed_glucose_reference_1000_kj
r2_sha256_6db5357ae368981b1e2781a2a2402d60d63850e7b59c63e757b654a39bdc51d9,BAO2011-104,fibre_context,candidate,source_field_present
r2_sha256_6db5357ae368981b1e2781a2a2402d60d63850e7b59c63e757b654a39bdc51d9,BAO2011-104,gi_gl_calculation,candidate,source_field_present
r2_sha256_6db5357ae368981b1e2781a2a2402d60d63850e7b59c63e757b654a39bdc51d9,BAO2011-105,composition_energy,candidate,source_field_present
r2_sha256_6db5357ae368981b1e2781a2a2402d60d63850e7b59c63e757b654a39bdc51d9,BAO2011-105,experimental_fii_input,candidate,attributed_glucose_reference_1000_kj
r2_sha256_6db5357ae368981b1e2781a2a2402d60d63850e7b59c63e757b654a39bdc51d9,BAO2011-105,fibre_context,candidate,source_field_present
r2_sha256_6db5357ae368981b1e2781a2a2402d60d63850e7b59c63e757b654a39bdc51d9,BAO2011-105,gi_gl_calculation,candidate,source_field_present
r2_sha256_6db5357ae368981b1e2781a2a2402d60d63850e7b59c63e757b654a39bdc51d9,BAO2011-106,composition_energy,candidate,source_field_present
r2_sha256_6db5357ae368981b1e2781a2a2402d60d63850e7b59c63e757b654a39bdc51d9,BAO2011-106,experimental_fii_input,candidate,attributed_glucose_reference_1000_kj
r2_sha256_6db5357ae368981b1e2781a2a2402d60d63850e7b59c63e757b654a39bdc51d9,BAO2011-106,fibre_context,candidate,source_field_present
r2_sha256_6db5357ae368981b1e2781a2a2402d60d63850e7b59c63e757b654a39bdc51d9,BAO2011-106,gi_gl_calculation,candidate,source_field_present
r2_sha256_6db5357ae368981b1e2781a2a2402d60d63850e7b59c63e757b654a39bdc51d9,BAO2011-107,composition_energy,candidate,source_field_present
r2_sha256_6db5357ae368981b1e2781a2a2402d60d63850e7b59c63e757b654a39bdc51d9,BAO2011-107,experimental_fii_input,candidate,attributed_glucose_reference_1000_kj
r2_sha256_6db5357ae368981b1e2781a2a2402d60d63850e7b59c63e757b654a39bdc51d9,BAO2011-107,fibre_context,candidate,source_field_present
r2_sha256_6db5357ae368981b1e2781a2a2402d60d63850e7b59c63e757b654a39bdc51d9,BAO2011-107,gi_gl_calculation,candidate,source_field_present
r2_sha256_6db5357ae368981b1e2781a2a2402d60d63850e7b59c63e757b654a39bdc51d9,BAO2011-108,composition_energy,candidate,source_field_present
r2_sha256_6db5357ae368981b1e2781a2a2402d60d63850e7b59c63e757b654a39bdc51d9,BAO2011-108,experimental_fii_input,candidate,attributed_glucose_reference_1000_kj
r2_sha256_6db5357ae368981b1e2781a2a2402d60d63850e7b59c63e757b654a39bdc51d9,BAO2011-108,fibre_context,candidate,source_field_present
r2_sha256_6db5357ae368981b1e2781a2a2402d60d63850e7b59c63e757b654a39bdc51d9,BAO2011-108,gi_gl_calculation,candidate,source_field_present
r2_sha256_6db5357ae368981b1e2781a2a2402d60d63850e7b59c63e757b654a39bdc51d9,BAO2011-109,composition_energy,candidate,source_field_present
r2_sha256_6db5357ae368981b1e2781a2a2402d60d63850e7b59c63e757b654a39bdc51d9,BAO2011-109,experimental_fii_input,candidate,attributed_glucose_reference_1000_kj
r2_sha256_6db5357ae368981b1e2781a2a2402d60d63850e7b59c63e757b654a39bdc51d9,BAO2011-109,fibre_context,candidate,source_field_present
r2_sha256_6db5357ae368981b1e2781a2a2402d60d63850e7b59c63e757b654a39bdc51d9,BAO2011-109,gi_gl_calculation,candidate,source_field_present
r2_sha256_6db5357ae368981b1e2781a2a2402d60d63850e7b59c63e757b654a39bdc51d9,BAO2011-110,composition_energy,candidate,source_field_present
r2_sha256_6db5357ae368981b1e2781a2a2402d60d63850e7b59c63e757b654a39bdc51d9,BAO2011-110,experimental_fii_input,candidate,attributed_glucose_reference_1000_kj
r2_sha256_6db5357ae368981b1e2781a2a2402d60d63850e7b59c63e757b654a39bdc51d9,BAO2011-110,fibre_context,candidate,source_field_present
r2_sha256_6db5357ae368981b1e2781a2a2402d60d63850e7b59c63e757b654a39bdc51d9,BAO2011-110,gi_gl_calculation,candidate,source_field_present
r2_sha256_6db5357ae368981b1e2781a2a2402d60d63850e7b59c63e757b654a39bdc51d9,BAO2011-111,composition_energy,candidate,source_field_present
r2_sha256_6db5357ae368981b1e2781a2a2402d60d63850e7b59c63e757b654a39bdc51d9,BAO2011-111,experimental_fii_input,candidate,attributed_glucose_reference_1000_kj
r2_sha256_6db5357ae368981b1e2781a2a2402d60d63850e7b59c63e757b654a39bdc51d9,BAO2011-111,fibre_context,candidate,source_field_present
r2_sha256_6db5357ae368981b1e2781a2a2402d60d63850e7b59c63e757b654a39bdc51d9,BAO2011-111,gi_gl_calculation,candidate,source_field_present
r2_sha256_6db5357ae368981b1e2781a2a2402d60d63850e7b59c63e757b654a39bdc51d9,BAO2011-112,composition_energy,candidate,source_field_present
r2_sha256_6db5357ae368981b1e2781a2a2402d60d63850e7b59c63e757b654a39bdc51d9,BAO2011-112,experimental_fii_input,candidate,attributed_glucose_reference_1000_kj
r2_sha256_6db5357ae368981b1e2781a2a2402d60d63850e7b59c63e757b654a39bdc51d9,BAO2011-112,fibre_context,candidate,source_field_present
r2_sha256_6db5357ae368981b1e2781a2a2402d60d63850e7b59c63e757b654a39bdc51d9,BAO2011-112,gi_gl_calculation,candidate,source_field_present
r2_sha256_6db5357ae368981b1e2781a2a2402d60d63850e7b59c63e757b654a39bdc51d9,BAO2011-113,composition_energy,candidate,source_field_present
r2_sha256_6db5357ae368981b1e2781a2a2402d60d63850e7b59c63e757b654a39bdc51d9,BAO2011-113,experimental_fii_input,candidate,attributed_glucose_reference_1000_kj
r2_sha256_6db5357ae368981b1e2781a2a2402d60d63850e7b59c63e757b654a39bdc51d9,BAO2011-113,fibre_context,candidate,source_field_present
r2_sha256_6db5357ae368981b1e2781a2a2402d60d63850e7b59c63e757b654a39bdc51d9,BAO2011-113,gi_gl_calculation,candidate,source_field_present
r2_sha256_6db5357ae368981b1e2781a2a2402d60d63850e7b59c63e757b654a39bdc51d9,BAO2011-114,composition_energy,candidate,source_field_present
r2_sha256_6db5357ae368981b1e2781a2a2402d60d63850e7b59c63e757b654a39bdc51d9,BAO2011-114,experimental_fii_input,candidate,attributed_glucose_reference_1000_kj
r2_sha256_6db5357ae368981b1e2781a2a2402d60d63850e7b59c63e757b654a39bdc51d9,BAO2011-114,fibre_context,candidate,source_field_present
r2_sha256_6db5357ae368981b1e2781a2a2402d60d63850e7b59c63e757b654a39bdc51d9,BAO2011-114,gi_gl_calculation,candidate,source_field_present
r2_sha256_6db5357ae368981b1e2781a2a2402d60d63850e7b59c63e757b654a39bdc51d9,BAO2011-115,composition_energy,candidate,source_field_present
r2_sha256_6db5357ae368981b1e2781a2a2402d60d63850e7b59c63e757b654a39bdc51d9,BAO2011-115,experimental_fii_input,candidate,attributed_glucose_reference_1000_kj
r2_sha256_6db5357ae368981b1e2781a2a2402d60d63850e7b59c63e757b654a39bdc51d9,BAO2011-115,fibre_context,candidate,source_field_present
r2_sha256_6db5357ae368981b1e2781a2a2402d60d63850e7b59c63e757b654a39bdc51d9,BAO2011-115,gi_gl_calculation,candidate,source_field_present
r2_sha256_6db5357ae368981b1e2781a2a2402d60d63850e7b59c63e757b654a39bdc51d9,BAO2011-116,composition_energy,candidate,source_field_present
r2_sha256_6db5357ae368981b1e2781a2a2402d60d63850e7b59c63e757b654a39bdc51d9,BAO2011-116,experimental_fii_input,candidate,attributed_glucose_reference_1000_kj
r2_sha256_6db5357ae368981b1e2781a2a2402d60d63850e7b59c63e757b654a39bdc51d9,BAO2011-116,fibre_context,candidate,source_field_present
r2_sha256_6db5357ae368981b1e2781a2a2402d60d63850e7b59c63e757b654a39bdc51d9,BAO2011-116,gi_gl_calculation,candidate,source_field_present
r2_sha256_6db5357ae368981b1e2781a2a2402d60d63850e7b59c63e757b654a39bdc51d9,BAO2011-117,composition_energy,candidate,source_field_present
r2_sha256_6db5357ae368981b1e2781a2a2402d60d63850e7b59c63e757b654a39bdc51d9,BAO2011-117,experimental_fii_input,candidate,attributed_glucose_reference_1000_kj
r2_sha256_6db5357ae368981b1e2781a2a2402d60d63850e7b59c63e757b654a39bdc51d9,BAO2011-117,fibre_context,candidate,source_field_present
r2_sha256_6db5357ae368981b1e2781a2a2402d60d63850e7b59c63e757b654a39bdc51d9,BAO2011-117,gi_gl_calculation,candidate,source_field_present
r2_sha256_6db5357ae368981b1e2781a2a2402d60d63850e7b59c63e757b654a39bdc51d9,BAO2011-118,composition_energy,candidate,source_field_present
r2_sha256_6db5357ae368981b1e2781a2a2402d60d63850e7b59c63e757b654a39bdc51d9,BAO2011-118,experimental_fii_input,candidate,attributed_glucose_reference_1000_kj
r2_sha256_6db5357ae368981b1e2781a2a2402d60d63850e7b59c63e757b654a39bdc51d9,BAO2011-118,fibre_context,candidate,source_field_present
r2_sha256_6db5357ae368981b1e2781a2a2402d60d63850e7b59c63e757b654a39bdc51d9,BAO2011-118,gi_gl_calculation,candidate,source_field_present
r2_sha256_6db5357ae368981b1e2781a2a2402d60d63850e7b59c63e757b654a39bdc51d9,BAO2011-119,composition_energy,candidate,source_field_present
r2_sha256_6db5357ae368981b1e2781a2a2402d60d63850e7b59c63e757b654a39bdc51d9,BAO2011-119,experimental_fii_input,candidate,attributed_glucose_reference_1000_kj
r2_sha256_6db5357ae368981b1e2781a2a2402d60d63850e7b59c63e757b654a39bdc51d9,BAO2011-119,fibre_context,candidate,source_field_present
r2_sha256_6db5357ae368981b1e2781a2a2402d60d63850e7b59c63e757b654a39bdc51d9,BAO2011-119,gi_gl_calculation,candidate,source_field_present
r2_sha256_6db5357ae368981b1e2781a2a2402d60d63850e7b59c63e757b654a39bdc51d9,BAO2011-120,composition_energy,candidate,source_field_present
r2_sha256_6db5357ae368981b1e2781a2a2402d60d63850e7b59c63e757b654a39bdc51d9,BAO2011-120,experimental_fii_input,candidate,attributed_glucose_reference_1000_kj
r2_sha256_6db5357ae368981b1e2781a2a2402d60d63850e7b59c63e757b654a39bdc51d9,BAO2011-120,fibre_context,candidate,source_field_present
r2_sha256_6db5357ae368981b1e2781a2a2402d60d63850e7b59c63e757b654a39bdc51d9,BAO2011-120,gi_gl_calculation,candidate,source_field_present
r2_sha256_6db5357ae368981b1e2781a2a2402d60d63850e7b59c63e757b654a39bdc51d9,BAO2011-121,composition_energy,candidate,source_field_present
r2_sha256_6db5357ae368981b1e2781a2a2402d60d63850e7b59c63e757b654a39bdc51d9,BAO2011-121,experimental_fii_input,candidate,attributed_glucose_reference_1000_kj
r2_sha256_6db5357ae368981b1e2781a2a2402d60d63850e7b59c63e757b654a39bdc51d9,BAO2011-121,fibre_context,candidate,source_field_present
r2_sha256_6db5357ae368981b1e2781a2a2402d60d63850e7b59c63e757b654a39bdc51d9,BAO2011-121,gi_gl_calculation,candidate,source_field_present
r2_sha256_6db5357ae368981b1e2781a2a2402d60d63850e7b59c63e757b654a39bdc51d9,BAO2011-122,composition_energy,candidate,source_field_present
r2_sha256_6db5357ae368981b1e2781a2a2402d60d63850e7b59c63e757b654a39bdc51d9,BAO2011-122,experimental_fii_input,candidate,attributed_glucose_reference_1000_kj
r2_sha256_6db5357ae368981b1e2781a2a2402d60d63850e7b59c63e757b654a39bdc51d9,BAO2011-122,fibre_context,candidate,source_field_present
r2_sha256_6db5357ae368981b1e2781a2a2402d60d63850e7b59c63e757b654a39bdc51d9,BAO2011-122,gi_gl_calculation,candidate,source_field_present
r2_sha256_6db5357ae368981b1e2781a2a2402d60d63850e7b59c63e757b654a39bdc51d9,BELL2016-S1-001,composition_energy,candidate,source_field_present
r2_sha256_6db5357ae368981b1e2781a2a2402d60d63850e7b59c63e757b654a39bdc51d9,BELL2016-S1-001,experimental_fii_input,reference_only,reduced_test_dose_300_kj | P04: 300-kJ physiological test; composition remains per 1000 kJ; no scale conversion
r2_sha256_6db5357ae368981b1e2781a2a2402d60d63850e7b59c63e757b654a39bdc51d9,BELL2016-S1-001,fibre_context,candidate,source_field_present
r2_sha256_6db5357ae368981b1e2781a2a2402d60d63850e7b59c63e757b654a39bdc51d9,BELL2016-S1-001,gi_gl_calculation,candidate,source_field_present
r2_sha256_6db5357ae368981b1e2781a2a2402d60d63850e7b59c63e757b654a39bdc51d9,BELL2016-S1-002,composition_energy,candidate,source_field_present
r2_sha256_6db5357ae368981b1e2781a2a2402d60d63850e7b59c63e757b654a39bdc51d9,BELL2016-S1-002,experimental_fii_input,reference_only,reduced_test_dose_300_kj | P04: 300-kJ physiological test; composition remains per 1000 kJ; no scale conversion
r2_sha256_6db5357ae368981b1e2781a2a2402d60d63850e7b59c63e757b654a39bdc51d9,BELL2016-S1-002,fibre_context,candidate,source_field_present
r2_sha256_6db5357ae368981b1e2781a2a2402d60d63850e7b59c63e757b654a39bdc51d9,BELL2016-S1-002,gi_gl_calculation,requires_review,"P02: Printed GI, carbohydrate and GL disagree; all three retained"
r2_sha256_6db5357ae368981b1e2781a2a2402d60d63850e7b59c63e757b654a39bdc51d9,BELL2016-S1-003,composition_energy,candidate,source_field_present
r2_sha256_6db5357ae368981b1e2781a2a2402d60d63850e7b59c63e757b654a39bdc51d9,BELL2016-S1-003,experimental_fii_input,reference_only,reduced_test_dose_300_kj | P04: 300-kJ physiological test; composition remains per 1000 kJ; no scale conversion
r2_sha256_6db5357ae368981b1e2781a2a2402d60d63850e7b59c63e757b654a39bdc51d9,BELL2016-S1-003,fibre_context,candidate,source_field_present
r2_sha256_6db5357ae368981b1e2781a2a2402d60d63850e7b59c63e757b654a39bdc51d9,BELL2016-S1-003,gi_gl_calculation,reference_only,missing_gi_or_gl
r2_sha256_6db5357ae368981b1e2781a2a2402d60d63850e7b59c63e757b654a39bdc51d9,BELL2016-S1-004,composition_energy,candidate,source_field_present
r2_sha256_6db5357ae368981b1e2781a2a2402d60d63850e7b59c63e757b654a39bdc51d9,BELL2016-S1-004,experimental_fii_input,reference_only,reduced_test_dose_300_kj | P04: 300-kJ physiological test; composition remains per 1000 kJ; no scale conversion
r2_sha256_6db5357ae368981b1e2781a2a2402d60d63850e7b59c63e757b654a39bdc51d9,BELL2016-S1-004,fibre_context,candidate,source_field_present
r2_sha256_6db5357ae368981b1e2781a2a2402d60d63850e7b59c63e757b654a39bdc51d9,BELL2016-S1-004,gi_gl_calculation,reference_only,missing_gi_or_gl
r2_sha256_6db5357ae368981b1e2781a2a2402d60d63850e7b59c63e757b654a39bdc51d9,BELL2016-S1-005,composition_energy,candidate,source_field_present
r2_sha256_6db5357ae368981b1e2781a2a2402d60d63850e7b59c63e757b654a39bdc51d9,BELL2016-S1-005,experimental_fii_input,reference_only,reduced_test_dose_300_kj | P04: 300-kJ physiological test; composition remains per 1000 kJ; no scale conversion
r2_sha256_6db5357ae368981b1e2781a2a2402d60d63850e7b59c63e757b654a39bdc51d9,BELL2016-S1-005,fibre_context,candidate,source_field_present
r2_sha256_6db5357ae368981b1e2781a2a2402d60d63850e7b59c63e757b654a39bdc51d9,BELL2016-S1-005,gi_gl_calculation,candidate,source_field_present
r2_sha256_6db5357ae368981b1e2781a2a2402d60d63850e7b59c63e757b654a39bdc51d9,BELL2016-S1-006,composition_energy,candidate,source_field_present
r2_sha256_6db5357ae368981b1e2781a2a2402d60d63850e7b59c63e757b654a39bdc51d9,BELL2016-S1-006,experimental_fii_input,reference_only,reduced_test_dose_300_kj | P04: 300-kJ physiological test; composition remains per 1000 kJ; no scale conversion
r2_sha256_6db5357ae368981b1e2781a2a2402d60d63850e7b59c63e757b654a39bdc51d9,BELL2016-S1-006,fibre_context,candidate,source_field_present
r2_sha256_6db5357ae368981b1e2781a2a2402d60d63850e7b59c63e757b654a39bdc51d9,BELL2016-S1-006,gi_gl_calculation,candidate,source_field_present
r2_sha256_6db5357ae368981b1e2781a2a2402d60d63850e7b59c63e757b654a39bdc51d9,BELL2016-S1-007,composition_energy,candidate,source_field_present
r2_sha256_6db5357ae368981b1e2781a2a2402d60d63850e7b59c63e757b654a39bdc51d9,BELL2016-S1-007,experimental_fii_input,candidate,attributed_glucose_reference_1000_kj
r2_sha256_6db5357ae368981b1e2781a2a2402d60d63850e7b59c63e757b654a39bdc51d9,BELL2016-S1-007,fibre_context,candidate,source_field_present
r2_sha256_6db5357ae368981b1e2781a2a2402d60d63850e7b59c63e757b654a39bdc51d9,BELL2016-S1-007,gi_gl_calculation,candidate,source_field_present
r2_sha256_6db5357ae368981b1e2781a2a2402d60d63850e7b59c63e757b654a39bdc51d9,BELL2016-S1-008,composition_energy,candidate,source_field_present
r2_sha256_6db5357ae368981b1e2781a2a2402d60d63850e7b59c63e757b654a39bdc51d9,BELL2016-S1-008,experimental_fii_input,candidate,attributed_glucose_reference_1000_kj
r2_sha256_6db5357ae368981b1e2781a2a2402d60d63850e7b59c63e757b654a39bdc51d9,BELL2016-S1-008,fibre_context,candidate,source_field_present
r2_sha256_6db5357ae368981b1e2781a2a2402d60d63850e7b59c63e757b654a39bdc51d9,BELL2016-S1-008,gi_gl_calculation,candidate,source_field_present
r2_sha256_6db5357ae368981b1e2781a2a2402d60d63850e7b59c63e757b654a39bdc51d9,BELL2016-S1-009,composition_energy,candidate,source_field_present
r2_sha256_6db5357ae368981b1e2781a2a2402d60d63850e7b59c63e757b654a39bdc51d9,BELL2016-S1-009,experimental_fii_input,candidate,attributed_glucose_reference_1000_kj
r2_sha256_6db5357ae368981b1e2781a2a2402d60d63850e7b59c63e757b654a39bdc51d9,BELL2016-S1-009,fibre_context,candidate,source_field_present
r2_sha256_6db5357ae368981b1e2781a2a2402d60d63850e7b59c63e757b654a39bdc51d9,BELL2016-S1-009,gi_gl_calculation,candidate,source_field_present
r2_sha256_6db5357ae368981b1e2781a2a2402d60d63850e7b59c63e757b654a39bdc51d9,BELL2016-S1-010,composition_energy,candidate,source_field_present
r2_sha256_6db5357ae368981b1e2781a2a2402d60d63850e7b59c63e757b654a39bdc51d9,BELL2016-S1-010,experimental_fii_input,candidate,attributed_glucose_reference_1000_kj
r2_sha256_6db5357ae368981b1e2781a2a2402d60d63850e7b59c63e757b654a39bdc51d9,BELL2016-S1-010,fibre_context,candidate,source_field_present
r2_sha256_6db5357ae368981b1e2781a2a2402d60d63850e7b59c63e757b654a39bdc51d9,BELL2016-S1-010,gi_gl_calculation,candidate,source_field_present
r2_sha256_6db5357ae368981b1e2781a2a2402d60d63850e7b59c63e757b654a39bdc51d9,BELL2016-S1-011,composition_energy,candidate,source_field_present
r2_sha256_6db5357ae368981b1e2781a2a2402d60d63850e7b59c63e757b654a39bdc51d9,BELL2016-S1-011,experimental_fii_input,candidate,attributed_glucose_reference_1000_kj
r2_sha256_6db5357ae368981b1e2781a2a2402d60d63850e7b59c63e757b654a39bdc51d9,BELL2016-S1-011,fibre_context,candidate,source_field_present
r2_sha256_6db5357ae368981b1e2781a2a2402d60d63850e7b59c63e757b654a39bdc51d9,BELL2016-S1-011,gi_gl_calculation,reference_only,missing_gi_or_gl
r2_sha256_6db5357ae368981b1e2781a2a2402d60d63850e7b59c63e757b654a39bdc51d9,BELL2016-S1-012,composition_energy,candidate,source_field_present
r2_sha256_6db5357ae368981b1e2781a2a2402d60d63850e7b59c63e757b654a39bdc51d9,BELL2016-S1-012,experimental_fii_input,candidate,attributed_glucose_reference_1000_kj
r2_sha256_6db5357ae368981b1e2781a2a2402d60d63850e7b59c63e757b654a39bdc51d9,BELL2016-S1-012,fibre_context,candidate,source_field_present
r2_sha256_6db5357ae368981b1e2781a2a2402d60d63850e7b59c63e757b654a39bdc51d9,BELL2016-S1-012,gi_gl_calculation,candidate,source_field_present
r2_sha256_6db5357ae368981b1e2781a2a2402d60d63850e7b59c63e757b654a39bdc51d9,BELL2016-S1-013,composition_energy,candidate,source_field_present
r2_sha256_6db5357ae368981b1e2781a2a2402d60d63850e7b59c63e757b654a39bdc51d9,BELL2016-S1-013,experimental_fii_input,candidate,attributed_glucose_reference_1000_kj
r2_sha256_6db5357ae368981b1e2781a2a2402d60d63850e7b59c63e757b654a39bdc51d9,BELL2016-S1-013,fibre_context,candidate,source_field_present
r2_sha256_6db5357ae368981b1e2781a2a2402d60d63850e7b59c63e757b654a39bdc51d9,BELL2016-S1-013,gi_gl_calculation,reference_only,missing_gi_or_gl
r2_sha256_6db5357ae368981b1e2781a2a2402d60d63850e7b59c63e757b654a39bdc51d9,BELL2016-S1-014,composition_energy,candidate,source_field_present
r2_sha256_6db5357ae368981b1e2781a2a2402d60d63850e7b59c63e757b654a39bdc51d9,BELL2016-S1-014,experimental_fii_input,requires_review,P06: Main-text/table FII or item-linkage conflict unresolved; retain table mean/SEM
r2_sha256_6db5357ae368981b1e2781a2a2402d60d63850e7b59c63e757b654a39bdc51d9,BELL2016-S1-014,fibre_context,candidate,source_field_present
r2_sha256_6db5357ae368981b1e2781a2a2402d60d63850e7b59c63e757b654a39bdc51d9,BELL2016-S1-014,gi_gl_calculation,reference_only,missing_gi_or_gl
r2_sha256_6db5357ae368981b1e2781a2a2402d60d63850e7b59c63e757b654a39bdc51d9,BELL2016-S1-015,composition_energy,candidate,source_field_present
r2_sha256_6db5357ae368981b1e2781a2a2402d60d63850e7b59c63e757b654a39bdc51d9,BELL2016-S1-015,experimental_fii_input,candidate,attributed_glucose_reference_1000_kj
r2_sha256_6db5357ae368981b1e2781a2a2402d60d63850e7b59c63e757b654a39bdc51d9,BELL2016-S1-015,fibre_context,candidate,source_field_present
r2_sha256_6db5357ae368981b1e2781a2a2402d60d63850e7b59c63e757b654a39bdc51d9,BELL2016-S1-015,gi_gl_calculation,reference_only,missing_gi_or_gl
r2_sha256_6db5357ae368981b1e2781a2a2402d60d63850e7b59c63e757b654a39bdc51d9,BELL2016-S1-016,composition_energy,candidate,source_field_present
r2_sha256_6db5357ae368981b1e2781a2a2402d60d63850e7b59c63e757b654a39bdc51d9,BELL2016-S1-016,experimental_fii_input,candidate,attributed_glucose_reference_1000_kj
r2_sha256_6db5357ae368981b1e2781a2a2402d60d63850e7b59c63e757b654a39bdc51d9,BELL2016-S1-016,fibre_context,candidate,source_field_present
r2_sha256_6db5357ae368981b1e2781a2a2402d60d63850e7b59c63e757b654a39bdc51d9,BELL2016-S1-016,gi_gl_calculation,reference_only,missing_gi_or_gl
r2_sha256_6db5357ae368981b1e2781a2a2402d60d63850e7b59c63e757b654a39bdc51d9,BELL2016-S1-017,composition_energy,requires_review,"P03: Composition/energy inconsistency; effect on actual test-dose comparability unresolved, so FII-input use also requires review; FII itself is not corrected"
r2_sha256_6db5357ae368981b1e2781a2a2402d60d63850e7b59c63e757b654a39bdc51d9,BELL2016-S1-017,experimental_fii_input,requires_review,"P03: Composition/energy inconsistency; effect on actual test-dose comparability unresolved, so FII-input use also requires review; FII itself is not corrected"
r2_sha256_6db5357ae368981b1e2781a2a2402d60d63850e7b59c63e757b654a39bdc51d9,BELL2016-S1-017,fibre_context,candidate,source_field_present
r2_sha256_6db5357ae368981b1e2781a2a2402d60d63850e7b59c63e757b654a39bdc51d9,BELL2016-S1-017,gi_gl_calculation,requires_review,"missing_gi_or_gl | P03: Composition/energy inconsistency; effect on actual test-dose comparability unresolved, so FII-input use also requires review; FII itself is not corrected"
r2_sha256_6db5357ae368981b1e2781a2a2402d60d63850e7b59c63e757b654a39bdc51d9,BELL2016-S1-018,composition_energy,candidate,source_field_present
r2_sha256_6db5357ae368981b1e2781a2a2402d60d63850e7b59c63e757b654a39bdc51d9,BELL2016-S1-018,experimental_fii_input,candidate,attributed_glucose_reference_1000_kj
r2_sha256_6db5357ae368981b1e2781a2a2402d60d63850e7b59c63e757b654a39bdc51d9,BELL2016-S1-018,fibre_context,reference_only,missing_fibre
r2_sha256_6db5357ae368981b1e2781a2a2402d60d63850e7b59c63e757b654a39bdc51d9,BELL2016-S1-018,gi_gl_calculation,reference_only,missing_gi_or_gl
r2_sha256_6db5357ae368981b1e2781a2a2402d60d63850e7b59c63e757b654a39bdc51d9,BELL2016-S1-019,composition_energy,candidate,source_field_present
r2_sha256_6db5357ae368981b1e2781a2a2402d60d63850e7b59c63e757b654a39bdc51d9,BELL2016-S1-019,experimental_fii_input,candidate,attributed_glucose_reference_1000_kj
r2_sha256_6db5357ae368981b1e2781a2a2402d60d63850e7b59c63e757b654a39bdc51d9,BELL2016-S1-019,fibre_context,reference_only,missing_fibre
r2_sha256_6db5357ae368981b1e2781a2a2402d60d63850e7b59c63e757b654a39bdc51d9,BELL2016-S1-019,gi_gl_calculation,candidate,source_field_present
r2_sha256_6db5357ae368981b1e2781a2a2402d60d63850e7b59c63e757b654a39bdc51d9,BELL2016-S1-020,composition_energy,candidate,source_field_present
r2_sha256_6db5357ae368981b1e2781a2a2402d60d63850e7b59c63e757b654a39bdc51d9,BELL2016-S1-020,experimental_fii_input,candidate,attributed_glucose_reference_1000_kj
r2_sha256_6db5357ae368981b1e2781a2a2402d60d63850e7b59c63e757b654a39bdc51d9,BELL2016-S1-020,fibre_context,reference_only,missing_fibre
r2_sha256_6db5357ae368981b1e2781a2a2402d60d63850e7b59c63e757b654a39bdc51d9,BELL2016-S1-020,gi_gl_calculation,candidate,source_field_present
r2_sha256_6db5357ae368981b1e2781a2a2402d60d63850e7b59c63e757b654a39bdc51d9,BELL2016-S1-021,composition_energy,candidate,source_field_present
r2_sha256_6db5357ae368981b1e2781a2a2402d60d63850e7b59c63e757b654a39bdc51d9,BELL2016-S1-021,experimental_fii_input,candidate,attributed_glucose_reference_1000_kj
r2_sha256_6db5357ae368981b1e2781a2a2402d60d63850e7b59c63e757b654a39bdc51d9,BELL2016-S1-021,fibre_context,candidate,source_field_present
r2_sha256_6db5357ae368981b1e2781a2a2402d60d63850e7b59c63e757b654a39bdc51d9,BELL2016-S1-021,gi_gl_calculation,candidate,source_field_present
r2_sha256_6db5357ae368981b1e2781a2a2402d60d63850e7b59c63e757b654a39bdc51d9,BELL2016-S1-022,composition_energy,candidate,source_field_present
r2_sha256_6db5357ae368981b1e2781a2a2402d60d63850e7b59c63e757b654a39bdc51d9,BELL2016-S1-022,experimental_fii_input,candidate,attributed_glucose_reference_1000_kj
r2_sha256_6db5357ae368981b1e2781a2a2402d60d63850e7b59c63e757b654a39bdc51d9,BELL2016-S1-022,fibre_context,candidate,source_field_present
r2_sha256_6db5357ae368981b1e2781a2a2402d60d63850e7b59c63e757b654a39bdc51d9,BELL2016-S1-022,gi_gl_calculation,candidate,source_field_present
r2_sha256_6db5357ae368981b1e2781a2a2402d60d63850e7b59c63e757b654a39bdc51d9,BELL2016-S1-023,composition_energy,candidate,source_field_present
r2_sha256_6db5357ae368981b1e2781a2a2402d60d63850e7b59c63e757b654a39bdc51d9,BELL2016-S1-023,experimental_fii_input,candidate,attributed_glucose_reference_1000_kj
r2_sha256_6db5357ae368981b1e2781a2a2402d60d63850e7b59c63e757b654a39bdc51d9,BELL2016-S1-023,fibre_context,candidate,source_field_present
r2_sha256_6db5357ae368981b1e2781a2a2402d60d63850e7b59c63e757b654a39bdc51d9,BELL2016-S1-023,gi_gl_calculation,reference_only,missing_gi_or_gl
r2_sha256_6db5357ae368981b1e2781a2a2402d60d63850e7b59c63e757b654a39bdc51d9,BELL2016-S1-024,composition_energy,candidate,source_field_present
r2_sha256_6db5357ae368981b1e2781a2a2402d60d63850e7b59c63e757b654a39bdc51d9,BELL2016-S1-024,experimental_fii_input,requires_review,P06: Main-text/table FII or item-linkage conflict unresolved; retain table mean/SEM
r2_sha256_6db5357ae368981b1e2781a2a2402d60d63850e7b59c63e757b654a39bdc51d9,BELL2016-S1-024,fibre_context,candidate,source_field_present
r2_sha256_6db5357ae368981b1e2781a2a2402d60d63850e7b59c63e757b654a39bdc51d9,BELL2016-S1-024,gi_gl_calculation,reference_only,missing_gi_or_gl
r2_sha256_6db5357ae368981b1e2781a2a2402d60d63850e7b59c63e757b654a39bdc51d9,BELL2016-S1-025,composition_energy,candidate,source_field_present
r2_sha256_6db5357ae368981b1e2781a2a2402d60d63850e7b59c63e757b654a39bdc51d9,BELL2016-S1-025,experimental_fii_input,candidate,attributed_glucose_reference_1000_kj
r2_sha256_6db5357ae368981b1e2781a2a2402d60d63850e7b59c63e757b654a39bdc51d9,BELL2016-S1-025,fibre_context,candidate,source_field_present
r2_sha256_6db5357ae368981b1e2781a2a2402d60d63850e7b59c63e757b654a39bdc51d9,BELL2016-S1-025,gi_gl_calculation,candidate,source_field_present
r2_sha256_6db5357ae368981b1e2781a2a2402d60d63850e7b59c63e757b654a39bdc51d9,BELL2016-S1-026,composition_energy,candidate,source_field_present
r2_sha256_6db5357ae368981b1e2781a2a2402d60d63850e7b59c63e757b654a39bdc51d9,BELL2016-S1-026,experimental_fii_input,candidate,attributed_glucose_reference_1000_kj
r2_sha256_6db5357ae368981b1e2781a2a2402d60d63850e7b59c63e757b654a39bdc51d9,BELL2016-S1-026,fibre_context,candidate,source_field_present
r2_sha256_6db5357ae368981b1e2781a2a2402d60d63850e7b59c63e757b654a39bdc51d9,BELL2016-S1-026,gi_gl_calculation,reference_only,missing_gi_or_gl
